"uid","namedLocation","date","domainID","siteID","plotID","plotType","nlcdClass","decimalLatitude","decimalLongitude","geodeticDatum","coordinateUncertainty","easting","northing","utmZone","elevation","elevationUncertainty","eventID","samplingProtocolVersion","treesPresent","treesAbsentList","shrubsPresent","shrubsAbsentList","lianasPresent","lianasAbsentList","nestedSubplotAreaShrubSapling","nestedSubplotAreaLiana","totalSampledAreaTrees","totalSampledAreaShrubSapling","totalSampledAreaLiana","remarks","measuredBy","recordedBy","dataQF"
"705f265b-cbbb-4f9c-a148-2283a6894a96","OSBS_006.basePlot.vst","2014-07-22","D03","OSBS","OSBS_006","distributed","evergreenForest",29.686609,-81.983,"WGS84",20.1,404893.06,3284464,"17N",33,0.1,"vst_OSBS_2014","NEON.DOC.000987vD",NA,NA,NA,NA,NA,NA,"noneSelected","noneSelected",400,400,400,"Woody stems mapping establishment; ALSO: D03GJA05 D03AMH21","BmJuQtlW/PDrFM58hXiWEg==","","legacyData"
"1d949bb8-d198-41d2-84ed-7df1e9443081","OSBS_042.basePlot.vst","2014-07-22","D03","OSBS","OSBS_042","tower","evergreenForest",29.692959,-81.996398,"WGS84",20.3,403602.77,3285178.74,"17N",36.6,0.5,"vst_OSBS_2014","NEON.DOC.000987vD",NA,NA,NA,NA,NA,NA,"noneSelected","noneSelected",800,800,800,"Woody stems mapping establishment;","5VXGV5DcOHuodH7VxZ1YlA==","","legacyData"
"af837d05-dbf5-4990-a3ff-718227ed8494","OSBS_008.basePlot.vst","2014-07-23","D03","OSBS","OSBS_008","distributed","evergreenForest",29.685058,-82.007162,"WGS84",20.1,402553.72,3284312.24,"17N",45.2,0.1,"vst_OSBS_2014","NEON.DOC.000987vD",NA,NA,NA,NA,NA,NA,"noneSelected","noneSelected",400,400,400,"Woody stems mapping establishment; ALSO: D03SAM17 D03ELC17 D03FAV28 D03AMH21","5VXGV5DcOHuodH7VxZ1YlA==","","legacyData"
"2f9368ad-a69d-403f-a2a6-8b590502c724","OSBS_017.basePlot.vst","2014-07-23","D03","OSBS","OSBS_017","distributed","woodyWetlands",29.703872,-81.991847,"WGS84",NA,404053.51,3286384.23,"17N",28,NA,"vst_OSBS_2014","NEON.DOC.000987vD",NA,NA,NA,NA,NA,NA,"noneSelected","noneSelected",400,400,400,"Woody stems mapping establishment; also D03BCZ01","BmJuQtlW/PDrFM58hXiWEg==","","legacyData"
"06747495-eddc-4b61-b70a-3f5bb2e308b1","OSBS_002.basePlot.vst","2014-07-23","D03","OSBS","OSBS_002","distributed","evergreenForest",29.70386,-81.956817,"WGS84",20.2,407442.25,3286354.36,"17N",31.5,0.2,"vst_OSBS_2014","NEON.DOC.000987vD",NA,NA,NA,NA,NA,NA,"noneSelected","noneSelected",400,400,400,"Woody stems mapping establishment; D03SAM17; D03ELC17; D03FAV28; D03AMH21 also worked on plot; some stems that were mapped that didn't need mapping","5VXGV5DcOHuodH7VxZ1YlA==","","legacyData"
"e72e996a-50cd-44db-a280-6fd96e0a3de0","OSBS_009.basePlot.vst","2014-07-23","D03","OSBS","OSBS_009","distributed","woodyWetlands",29.698798,-82.017543,"WGS84",20.2,401562.67,3285843.59,"17N",31.5,0.4,"vst_OSBS_2014","NEON.DOC.000987vD",NA,NA,NA,NA,NA,NA,"noneSelected","noneSelected",400,400,400,"Woody stem mapping establishment; had a lot of trouble with plot - way too many lianas generated several JIRA tickets needs to be completed gathered 20140724 also;","BmJuQtlW/PDrFM58hXiWEg==","","legacyData"
"5832e209-4b67-47c9-aa35-bc33104ee706","OSBS_003.basePlot.vst","2014-07-24","D03","OSBS","OSBS_003","distributed","evergreenForest",29.694992,-81.94742,"WGS84",20.1,408343.26,3285364.2,"17N",31.9,0.2,"vst_OSBS_2014","NEON.DOC.000987vD",NA,NA,NA,NA,NA,NA,"noneSelected","noneSelected",400,400,400,"","SZd6jJU+PWukgvziuyetpzviWNuM2FzT","qwd4SsQjkwojVAYuvLRi2I6c493EEc9K","legacyData"
"786e410b-bc87-4440-8114-da9b8e7170c5","OSBS_003.basePlot.vst","2014-07-24","D03","OSBS","OSBS_003","distributed","evergreenForest",29.694992,-81.94742,"WGS84",20.1,408343.26,3285364.2,"17N",31.9,0.2,"vst_OSBS_2014","NEON.DOC.000987vD",NA,NA,NA,NA,NA,NA,"noneSelected","noneSelected",400,400,400,"CIJ; AWN; JAK; KMB; also assisted with plot; some individuals were mapped that didn't need to be mapped","Fje4BZouSVy3PuoCRtf+VA==","","legacyData"
"f63a47a7-3efe-4db3-bbb1-2723ec80295c","OSBS_024.basePlot.vst","2014-07-28","D03","OSBS","OSBS_024","distributed","emergentHerbaceousWetlands",29.723939,-81.986781,"WGS84",20.1,404562.53,3288603.71,"17N",25.1,0.1,"vst_OSBS_2014","NEON.DOC.000987vD",NA,NA,NA,NA,NA,NA,"noneSelected","noneSelected",400,400,400,"Woody stems mapping establishment; ALSO: D03ELC17 D03DWB07; PRAIRIE NO WOODY STEMS EMERGENT MARSH","B+9//sHWKSh+9p2hq+gviQ==","","legacyData"
"a276e2b7-d722-4373-a848-e32dd2a65e9a","OSBS_011.basePlot.vst","2014-07-28","D03","OSBS","OSBS_011","distributed","evergreenForest",29.721507,-81.987042,"WGS84",20.2,404534.98,3288334.43,"17N",27.2,0.3,"vst_OSBS_2014","NEON.DOC.000987vD",NA,NA,NA,NA,NA,NA,"noneSelected","noneSelected",400,400,400,"Woody stems mapping establishment; probably could of used subplots; missing mapping information on several sbt; also D03ELC17 and D03ESP24","5VXGV5DcOHuodH7VxZ1YlA==","","legacyData"
"dd427113-695e-4bc9-869e-323304d182ad","OSBS_014.basePlot.vst","2014-07-28","D03","OSBS","OSBS_014","distributed","evergreenForest",29.692721,-81.95826,"WGS84",NA,407292.43,3285121.14,"17N",32,NA,"vst_OSBS_2014","NEON.DOC.000987vD",NA,NA,NA,NA,NA,NA,"noneSelected","noneSelected",400,400,400,"Woody stems mapping establishment; all tagged individuals were mapped;","F3BGC7gkmeDTS7K/8ssqhw==","","legacyData"
"e9b8730d-11e2-4d2a-82ad-2871b72c1330","OSBS_023.basePlot.vst","2014-07-29","D03","OSBS","OSBS_023","distributed","emergentHerbaceousWetlands",29.722597,-81.985527,"WGS84",20.1,404682.55,3288453.96,"17N",25.8,0.1,"vst_OSBS_2014","NEON.DOC.000987vD",NA,NA,NA,NA,NA,NA,"noneSelected","noneSelected",400,400,400,"Woody stems mapping establishment; ALSO:D03KMB13 D03DWB07","CsgwOAwngRQA577F9ZgEWg==","","legacyData"
"fb1f8cae-d54b-4a65-ad63-8d5a998a2ce5","OSBS_015.basePlot.vst","2014-07-29","D03","OSBS","OSBS_015","distributed","woodyWetlands",29.710251,-81.969273,"WGS84",20.1,406243.19,3287072.59,"17N",25.6,0.1,"vst_OSBS_2014","NEON.DOC.000987vD",NA,NA,NA,NA,NA,NA,"noneSelected","noneSelected",400,400,400,"also:D03KMB13 D03DWB07","CsgwOAwngRQA577F9ZgEWg==","","legacyData"
"c022a65a-eec6-46b1-aa14-122047f95b1e","OSBS_010.basePlot.vst","2014-07-29","D03","OSBS","OSBS_010","distributed","evergreenForest",29.691763,-81.941829,"WGS84",20.2,408881.26,3285001.97,"17N",40.1,0.2,"vst_OSBS_2014","NEON.DOC.000987vD",NA,NA,NA,NA,NA,NA,"noneSelected","noneSelected",400,400,400,"Woody stems mapping establishment; also: D03FAV28 D03GJA05 D03ELC17 -","F3BGC7gkmeDTS7K/8ssqhw==","","legacyData"
"0439dfd5-5dc8-4059-89ab-7d6c72434f11","OSBS_012.basePlot.vst","2014-07-29","D03","OSBS","OSBS_012","distributed","woodyWetlands",29.71907,-81.983943,"WGS84",20.1,404832.43,3288061.83,"17N",25.5,0.1,"vst_OSBS_2014","NEON.DOC.000987vD",NA,NA,NA,NA,NA,NA,"noneSelected","noneSelected",400,400,400,"Woody stems mapping establishment; ALSO: D03AWN13 D03KMB13","5VXGV5DcOHuodH7VxZ1YlA==","","legacyData"
"d136b991-9d87-4166-97d0-965a2937227f","OSBS_004.basePlot.vst","2014-07-30","D03","OSBS","OSBS_004","distributed","evergreenForest",29.684073,-81.959108,"WGS84",20.2,407202.43,3284163.58,"17N",36.8,0.6,"vst_OSBS_2014","NEON.DOC.000987vD",NA,NA,NA,NA,NA,NA,"noneSelected","noneSelected",400,400,400,"Woody stems mapping establishment; dead stems were tagged that would not have been tagged using the updated version of the protocol","5VXGV5DcOHuodH7VxZ1YlA==","","legacyData"
"9ca894a6-9158-466c-ba58-d90a34d2e0e2","OSBS_050.basePlot.vst","2014-07-30","D03","OSBS","OSBS_050","distributed","emergentHerbaceousWetlands",29.68969,-82.005389,"WGS84",NA,402729.73,3284824.05,"17N",30.5,NA,"vst_OSBS_2014","NEON.DOC.000987vD",NA,NA,NA,NA,NA,NA,"noneSelected","noneSelected",400,400,400,"Woody stems mapping establishment; also D03ELC17; D03AWN13 helped with plot","wGe8P8fT36so4CGcO25Hxg==","","legacyData"
"f069b582-6527-4a09-a430-dc7d22035efe","OSBS_013.basePlot.vst","2014-07-30","D03","OSBS","OSBS_013","distributed","evergreenForest",29.682159,-81.961565,"WGS84",20.1,406962.93,3283953.46,"17N",42.3,0.2,"vst_OSBS_2014","NEON.DOC.000987vD",NA,NA,NA,NA,NA,NA,"noneSelected","noneSelected",400,400,400,"Woody stems mapping establishment; Also: D03CIJ08; many tagged individuals were re-sprouts after fire","5VXGV5DcOHuodH7VxZ1YlA==","","legacyData"
"c0985ab9-cfb5-4092-bcec-f95886dea5b4","OSBS_010.basePlot.vst","2014-07-30","D03","OSBS","OSBS_010","distributed","evergreenForest",29.691763,-81.941829,"WGS84",20.2,408881.26,3285001.97,"17N",40.1,0.2,"vst_OSBS_2014","NEON.DOC.000987vD",NA,NA,NA,NA,NA,NA,"noneSelected","noneSelected",400,400,400,"ALSO D03CIJ08","5VXGV5DcOHuodH7VxZ1YlA==","","legacyData"
"41d52526-2e15-4ac7-8006-b705e2490184","OSBS_051.basePlot.vst","2014-07-30","D03","OSBS","OSBS_051","distributed","emergentHerbaceousWetlands",29.67776,-82.007709,"WGS84",20.1,402493.75,3283504,"17N",24.2,0.1,"vst_OSBS_2014","NEON.DOC.000987vD",NA,NA,NA,NA,NA,NA,"noneSelected","noneSelected",400,400,400,"Woody stems mapping establishment; ALSO: D03ELC17 D03AWN13","wGe8P8fT36so4CGcO25Hxg==","","legacyData"
"06e8306c-010c-4f43-bead-573c8e19dc8a","OSBS_020.basePlot.vst","2014-07-30","D03","OSBS","OSBS_020","distributed","woodyWetlands",29.68685,-81.950765,"WGS84",NA,408012.19,3284464.58,"17N",25,NA,"vst_OSBS_2014","NEON.DOC.000987vD",NA,NA,NA,NA,NA,NA,"noneSelected","noneSelected",400,400,400,"Woody stems mapping establishment; probably could have used a subplot","wGe8P8fT36so4CGcO25Hxg==","","legacyData"
"84284798-74e1-4252-aca8-96420b79f8be","OSBS_050.basePlot.vst","2014-07-30","D03","OSBS","OSBS_050","distributed","emergentHerbaceousWetlands",29.68969,-82.005389,"WGS84",NA,402729.73,3284824.05,"17N",30.5,NA,"vst_OSBS_2014","NEON.DOC.000987vD",NA,NA,NA,NA,NA,NA,"noneSelected","noneSelected",400,400,400,"also D03ELC17; D03AWN13 helped with plot","wGe8P8fT36so4CGcO25Hxg==","","legacyData"
"e050f355-f09f-4edb-ba99-aa2b21953196","OSBS_022.basePlot.vst","2014-07-30","D03","OSBS","OSBS_022","distributed","emergentHerbaceousWetlands",29.689482,-81.960693,"WGS84",20.1,407054.05,3284764.23,"17N",24,0.1,"vst_OSBS_2014","NEON.DOC.000987vD",NA,NA,NA,NA,NA,NA,"noneSelected","noneSelected",400,400,400,"Woody stems mapping establishment;","Fje4BZouSVy3PuoCRtf+VA==","","legacyData"
"1eab3038-5fa0-4212-b272-3bc5e2a46338","OSBS_001.basePlot.vst","2014-07-31","D03","OSBS","OSBS_001","distributed","woodyWetlands",29.702914,-82.008881,"WGS84",20.1,402404.66,3286292.34,"17N",31,0.2,"vst_OSBS_2014","NEON.DOC.000987vD",NA,NA,NA,NA,NA,NA,"noneSelected","noneSelected",400,400,400,"Woody stems mapping establishment;","gp7bLsdZnPOIk2pEBrKM4w==","","legacyData"
"05d40fe8-6c4c-4845-8509-5978bb368d1a","OSBS_048.basePlot.vst","2014-07-31","D03","OSBS","OSBS_048","distributed","evergreenForest",29.679299,-81.946352,"WGS84",NA,408432.36,3283624.4,"17N",34.6,NA,"vst_OSBS_2014","NEON.DOC.000987vD",NA,NA,NA,NA,NA,NA,"noneSelected","noneSelected",400,400,400,"Woody stems mapping establishment;","5VXGV5DcOHuodH7VxZ1YlA==","","legacyData"
"b0b30d9f-ecb9-46de-be63-26480fcf8607","OSBS_007.basePlot.vst","2014-07-31","D03","OSBS","OSBS_007","distributed","evergreenForest",29.690276,-81.962572,"WGS84",20.1,406872.98,3284853.72,"17N",34.3,0.1,"vst_OSBS_2014","NEON.DOC.000987vD",NA,NA,NA,NA,NA,NA,"noneSelected","noneSelected",400,400,400,"Woody stems mapping establishment;","5VXGV5DcOHuodH7VxZ1YlA==","","legacyData"
"a5e4ef7a-f4c3-4944-91dc-258a5b083527","OSBS_005.basePlot.vst","2014-07-31","D03","OSBS","OSBS_005","distributed","woodyWetlands",29.696569,-82.025578,"WGS84",20.3,400783.13,3285603.45,"17N",30.3,0.6,"vst_OSBS_2014","NEON.DOC.000987vD",NA,NA,NA,NA,NA,NA,"noneSelected","noneSelected",400,400,400,"Woody stems mapping establishment; 2 multiboled trees possible weren't tagged; many possibly incorrect plant identifications","wGe8P8fT36so4CGcO25Hxg==","","legacyData"
"964f27e2-c4be-44f4-8f23-5bd0195c9eaa","OSBS_048.basePlot.vst","2014-07-31","D03","OSBS","OSBS_048","distributed","evergreenForest",29.679299,-81.946352,"WGS84",NA,408432.36,3283624.4,"17N",34.6,NA,"vst_OSBS_2014","NEON.DOC.000987vD",NA,NA,NA,NA,NA,NA,"noneSelected","noneSelected",400,400,400,"","5VXGV5DcOHuodH7VxZ1YlA==","","legacyData"
"13b373ca-88cd-4f63-81e7-fc92ca33d175","OSBS_049.basePlot.vst","2014-08-12","D03","OSBS","OSBS_049","distributed","emergentHerbaceousWetlands",29.686229,-81.964097,"WGS84",NA,406721.67,3284406.46,"17N",25,NA,"vst_OSBS_2014","NEON.DOC.000987vD",NA,NA,NA,NA,NA,NA,"noneSelected","noneSelected",400,400,400,"Woody stems mapping establishment; ALSO: D03GJA05 D03DWB07; FORMERLY WET - GRASSES AND MAIDENCAINE ONLY IN PLOT NO WOODY STEMS; LAKE BED","3U+mTuL8ABhN/87WNuuvPg==",NA,"legacyData"
"50c14700-c551-440d-a9a2-74c290edc6f0","OSBS_016.basePlot.vst","2014-08-12","D03","OSBS","OSBS_016","distributed","woodyWetlands",29.682391,-81.967449,"WGS84",20.2,406393.81,3283983.91,"17N",26.1,0.2,"vst_OSBS_2014","NEON.DOC.000987vD",NA,NA,NA,NA,NA,NA,"noneSelected","noneSelected",400,400,400,"Woody stems mapping establishment;ALSO D03CIJ08 D03GJA05; plot burned manual restoration of trees; SW corner was moved 10m away at an unknown time possibly prior to this","5VXGV5DcOHuodH7VxZ1YlA==",NA,"legacyData"
"bcc415a3-d056-4ee3-a034-c83c7039d33f","OSBS_021.basePlot.vst","2014-08-13","D03","OSBS","OSBS_021","distributed","woodyWetlands",29.695767,-81.953023,"WGS84",NA,407801.93,3285454.49,"17N",25,NA,"vst_OSBS_2014","NEON.DOC.000987vD",NA,NA,NA,NA,NA,NA,"noneSelected","noneSelected",400,400,400,"Woody stems mapping establishment; DWB writes 'extant plot corners disregarded, manual plot layout from center (point 41)'; this is off protocol and against the instructions he was given","5VXGV5DcOHuodH7VxZ1YlA==",NA,"legacyData"
"3af646d5-170f-4dc0-b124-e78ee427682e","OSBS_018.basePlot.vst","2014-08-14","D03","OSBS","OSBS_018","distributed","woodyWetlands",29.686636,-81.942713,"WGS84",NA,408791.07,3284434.51,"17N",25,NA,"vst_OSBS_2014","NEON.DOC.000987vD",NA,NA,NA,NA,NA,NA,"10","noneSelected",400,80,400,"redo plot 20140917","jhfqEVVqdSnaGIzmX0T+iw==",NA,"legacyData"
"50b1e2a5-4351-41a1-b3c9-350f8e880601","OSBS_032.basePlot.vst","2014-09-03","D03","OSBS","OSBS_032","tower","evergreenForest",29.690033,-81.99111,"WGS84",20.1,404111.61,3284850.11,"17N",46.4,0.1,"vst_OSBS_2014","NEON.DOC.000987vD",NA,NA,NA,NA,NA,NA,"noneSelected","noneSelected",800,800,800,"Other vegetation structure measurements; ferns present; nothing in 30 4","BmJuQtlW/PDrFM58hXiWEg==","","legacyData"
"fc8b9634-2059-4a34-9783-13eb48609a51","OSBS_006.basePlot.vst","2014-09-16","D03","OSBS","OSBS_006","distributed","evergreenForest",29.686609,-81.983,"WGS84",20.1,404893.06,3284464,"17N",33,0.1,"vst_OSBS_2014","NEON.DOC.000987vD",NA,NA,NA,NA,NA,NA,"noneSelected","noneSelected",400,400,400,"Other vegetation structure measurements; also D03SAM05","Wi2K65/mjTY2mT2lAUuczw==","","legacyData"
"a67bf03d-6756-4f59-9874-f9a08eb70d51","OSBS_002.basePlot.vst","2014-09-16","D03","OSBS","OSBS_002","distributed","evergreenForest",29.70386,-81.956817,"WGS84",20.2,407442.25,3286354.36,"17N",31.5,0.2,"vst_OSBS_2014","NEON.DOC.000987vD",NA,NA,NA,NA,NA,NA,"noneSelected","noneSelected",400,400,400,"Other vegetation structure measurements; Also D03DWB07","Wi2K65/mjTY2mT2lAUuczw==","","legacyData"
"e16cfe25-cf83-420e-a52b-633c42f4b905","OSBS_048.basePlot.vst","2014-09-16","D03","OSBS","OSBS_048","distributed","evergreenForest",29.679299,-81.946352,"WGS84",NA,408432.36,3283624.4,"17N",34.6,NA,"vst_OSBS_2014","NEON.DOC.000987vD",NA,NA,NA,NA,NA,NA,"noneSelected","noneSelected",400,400,400,"Other vegetation structure measurements; als D03JAK04","5VXGV5DcOHuodH7VxZ1YlA==","","legacyData"
"6482c7f1-5144-41f4-8578-c154a733575c","OSBS_011.basePlot.vst","2014-09-17","D03","OSBS","OSBS_011","distributed","evergreenForest",29.721507,-81.987042,"WGS84",20.2,404534.98,3288334.43,"17N",27.2,0.3,"vst_OSBS_2014","NEON.DOC.000987vD",NA,NA,NA,NA,NA,NA,"noneSelected","noneSelected",400,400,400,"Other vegetation structure measurements; also D03SAM05","Wi2K65/mjTY2mT2lAUuczw==","","legacyData"
"9d684753-c30b-4136-af9c-832d3aaee3e7","OSBS_001.basePlot.vst","2014-09-17","D03","OSBS","OSBS_001","distributed","woodyWetlands",29.702914,-82.008881,"WGS84",20.1,402404.66,3286292.34,"17N",31,0.2,"vst_OSBS_2014","NEON.DOC.000987vD",NA,NA,NA,NA,NA,NA,"noneSelected","noneSelected",400,400,400,"Other vegetation structure measurements; Also D03DWB07","Wi2K65/mjTY2mT2lAUuczw==","","legacyData"
"e0f59cc0-3493-4490-a059-d1d3fd71f4ef","OSBS_018.basePlot.vst","2014-09-17","D03","OSBS","OSBS_018","distributed","woodyWetlands",29.686636,-81.942713,"WGS84",NA,408791.07,3284434.51,"17N",25,NA,"vst_OSBS_2014","NEON.DOC.000987vD",NA,NA,NA,NA,NA,NA,"10","noneSelected",400,80,400,"Woody stems mapping establishment; Also: D03TSB28 D03TRA11; SE and NE corner stakes were missing; re-did plot because incorrect subplot locations were used previously","jhfqEVVqdSnaGIzmX0T+iw==","","legacyData"
"1697998c-ac65-48b2-a4ab-b7bdb4fe97d4","OSBS_003.basePlot.vst","2014-09-18","D03","OSBS","OSBS_003","distributed","evergreenForest",29.694992,-81.94742,"WGS84",20.1,408343.26,3285364.2,"17N",31.9,0.2,"vst_OSBS_2014","NEON.DOC.000987vD",NA,NA,NA,NA,NA,NA,"noneSelected","noneSelected",400,400,400,"","LBWEN7wUtDAEuiSEuQlmFbeqn2o2bz4w","qwd4SsQjkwojVAYuvLRi2I6c493EEc9K","legacyData"
"6df9e1fc-a846-47cc-8db9-39e0b9eec3a1","OSBS_003.basePlot.vst","2014-09-18","D03","OSBS","OSBS_003","distributed","evergreenForest",29.694992,-81.94742,"WGS84",20.1,408343.26,3285364.2,"17N",31.9,0.2,"vst_OSBS_2014","NEON.DOC.000987vD",NA,NA,NA,NA,NA,NA,"10","noneSelected",400,80,400,"subplots added after the fact","LBWEN7wUtDAEuiSEuQlmFbeqn2o2bz4w","qwd4SsQjkwojVAYuvLRi2I6c493EEc9K","legacyData"
"353d4146-8ed1-42ac-89ed-76abf0ab22a4","OSBS_015.basePlot.vst","2014-09-18","D03","OSBS","OSBS_015","distributed","woodyWetlands",29.710251,-81.969273,"WGS84",20.1,406243.19,3287072.59,"17N",25.6,0.1,"vst_OSBS_2014","NEON.DOC.000987vD",NA,NA,NA,NA,NA,NA,"noneSelected","noneSelected",400,400,400,"Other vegetation structure measurements","R2X8wZlzxXoGpzLsTAe77A==","","legacyData"
"4976d78b-6ac1-4d74-9ac7-11ae4c52ee27","OSBS_014.basePlot.vst","2014-09-18","D03","OSBS","OSBS_014","distributed","evergreenForest",29.692721,-81.95826,"WGS84",NA,407292.43,3285121.14,"17N",32,NA,"vst_OSBS_2014","NEON.DOC.000987vD",NA,NA,NA,NA,NA,NA,"noneSelected","noneSelected",400,400,400,"Other vegetation structure measurements; also D03TRA11","5VXGV5DcOHuodH7VxZ1YlA==","","legacyData"
"4ed413b3-ba7e-4e12-9479-c51c55ebc620","OSBS_012.basePlot.vst","2014-09-18","D03","OSBS","OSBS_012","distributed","woodyWetlands",29.71907,-81.983943,"WGS84",20.1,404832.43,3288061.83,"17N",25.5,0.1,"vst_OSBS_2014","NEON.DOC.000987vD",NA,NA,NA,NA,NA,NA,"noneSelected","noneSelected",400,400,400,"Other vegetation structure measurements; also D03SAM05","5VXGV5DcOHuodH7VxZ1YlA==","","legacyData"
"5de8f2a2-b5b8-4d8f-81fd-5508e98e5076","OSBS_003.basePlot.vst","2014-09-18","D03","OSBS","OSBS_003","distributed","evergreenForest",29.694992,-81.94742,"WGS84",20.1,408343.26,3285364.2,"17N",31.9,0.2,"vst_OSBS_2014","NEON.DOC.000987vD",NA,NA,NA,NA,NA,NA,"10","noneSelected",400,80,400,"Woody stems mapping establishment; re-did this plot with subplots; also: D03TSB28","jhfqEVVqdSnaGIzmX0T+iw==","","legacyData"
"55b18f8a-9c5c-4550-9844-19d573c59f19","OSBS_023.basePlot.vst","2014-09-18","D03","OSBS","OSBS_023","distributed","emergentHerbaceousWetlands",29.722597,-81.985527,"WGS84",20.1,404682.55,3288453.96,"17N",25.8,0.1,"vst_OSBS_2014","NEON.DOC.000987vD",NA,NA,NA,NA,NA,NA,"noneSelected","noneSelected",400,400,400,"Other vegetation structure measurements; also D03TRA11","5VXGV5DcOHuodH7VxZ1YlA==","","legacyData"
"60079f90-9659-4792-a13a-735ffe10d02f","OSBS_016.basePlot.vst","2014-09-18","D03","OSBS","OSBS_016","distributed","woodyWetlands",29.682391,-81.967449,"WGS84",20.2,406393.81,3283983.91,"17N",26.1,0.2,"vst_OSBS_2014","NEON.DOC.000987vD",NA,NA,NA,NA,NA,NA,"noneSelected","noneSelected",400,400,400,"Other vegetation structure measurements; found PLPO2 in subplot 41; clump about .65 cm on down wood","5VXGV5DcOHuodH7VxZ1YlA==","","legacyData"
"98671f6a-0fea-4df8-8aba-630fdb917462","OSBS_020.basePlot.vst","2014-09-18","D03","OSBS","OSBS_020","distributed","woodyWetlands",29.68685,-81.950765,"WGS84",NA,408012.19,3284464.58,"17N",25,NA,"vst_OSBS_2014","NEON.DOC.000987vD",NA,NA,NA,NA,NA,NA,"noneSelected","noneSelected",400,400,400,"Other vegetation structure measurements; also D03TRA28 and D03TRA11","5VXGV5DcOHuodH7VxZ1YlA==","","legacyData"
"940a7bb1-5d4a-4fa4-a0a0-697122dc616c","OSBS_049.basePlot.vst","2014-09-18","D03","OSBS","OSBS_049","distributed","emergentHerbaceousWetlands",29.686229,-81.964097,"WGS84",NA,406721.67,3284406.46,"17N",25,NA,"vst_OSBS_2014","NEON.DOC.000987vD",NA,NA,NA,NA,NA,NA,"noneSelected","noneSelected",400,400,400,"Other vegetation structure measurements; also D03TRA11","5VXGV5DcOHuodH7VxZ1YlA==","","legacyData"
"4fe4244a-db61-499d-8a49-f9d4dd8be2af","OSBS_013.basePlot.vst","2014-09-18","D03","OSBS","OSBS_013","distributed","evergreenForest",29.682159,-81.961565,"WGS84",20.1,406962.93,3283953.46,"17N",42.3,0.2,"vst_OSBS_2014","NEON.DOC.000987vD",NA,NA,NA,NA,NA,NA,"noneSelected","noneSelected",400,400,400,"Other vegetation structure measurements; also D03SAM05","5VXGV5DcOHuodH7VxZ1YlA==","","legacyData"
"f065cb95-09a4-4392-ae42-d951418660ec","OSBS_004.basePlot.vst","2014-09-18","D03","OSBS","OSBS_004","distributed","evergreenForest",29.684073,-81.959108,"WGS84",20.2,407202.43,3284163.58,"17N",36.8,0.6,"vst_OSBS_2014","NEON.DOC.000987vD",NA,NA,NA,NA,NA,NA,"noneSelected","noneSelected",400,400,400,"Other vegetation structure measurements; Also D03SAM05","5VXGV5DcOHuodH7VxZ1YlA==","","legacyData"
"f5abce65-0717-4f42-a262-a0bff7d7583c","OSBS_024.basePlot.vst","2014-09-18","D03","OSBS","OSBS_024","distributed","emergentHerbaceousWetlands",29.723939,-81.986781,"WGS84",20.1,404562.53,3288603.71,"17N",25.1,0.1,"vst_OSBS_2014","NEON.DOC.000987vD",NA,NA,NA,NA,NA,NA,"noneSelected","noneSelected",400,400,400,"Other vegetation structure measurements; also D03TRA11","5VXGV5DcOHuodH7VxZ1YlA==","","legacyData"
"32fa8c7d-8ad4-4363-99bb-909cec13e261","OSBS_008.basePlot.vst","2014-09-30","D03","OSBS","OSBS_008","distributed","evergreenForest",29.685058,-82.007162,"WGS84",20.1,402553.72,3284312.24,"17N",45.2,0.1,"vst_OSBS_2014","NEON.DOC.000987vD",NA,NA,NA,NA,NA,NA,"noneSelected","noneSelected",400,400,400,"Other vegetation structure measurements; also DWB07 and D03SAM05","K3G6zI+Uvyw6RXUKVUOPZw==","","legacyData"
"c7e90b79-bad3-4479-b2b4-306783ae3cb6","OSBS_010.basePlot.vst","2014-09-30","D03","OSBS","OSBS_010","distributed","evergreenForest",29.691763,-81.941829,"WGS84",20.2,408881.26,3285001.97,"17N",40.1,0.2,"vst_OSBS_2014","NEON.DOC.000987vD",NA,NA,NA,NA,NA,NA,"noneSelected","noneSelected",400,400,400,"Other vegetation structure measurements; also D03AWN13 and D03BCZ01","BmJuQtlW/PDrFM58hXiWEg==","","legacyData"
"77cc4119-4d87-409e-93ce-14a383e8b6f4","OSBS_051.basePlot.vst","2014-09-30","D03","OSBS","OSBS_051","distributed","emergentHerbaceousWetlands",29.67776,-82.007709,"WGS84",20.1,402493.75,3283504,"17N",24.2,0.1,"vst_OSBS_2014","NEON.DOC.000987vD",NA,NA,NA,NA,NA,NA,"noneSelected","noneSelected",400,400,400,"Other vegetation structure measurements; also D03TRA11","5VXGV5DcOHuodH7VxZ1YlA==","","legacyData"
"5ffedf24-5307-4db0-8364-19a9124ce696","OSBS_007.basePlot.vst","2014-09-30","D03","OSBS","OSBS_007","distributed","evergreenForest",29.690276,-81.962572,"WGS84",20.1,406872.98,3284853.72,"17N",34.3,0.1,"vst_OSBS_2014","NEON.DOC.000987vD",NA,NA,NA,NA,NA,NA,"noneSelected","noneSelected",400,400,400,"Other vegetation structure measurements; also D03DWB07 and D03SAM05","K3G6zI+Uvyw6RXUKVUOPZw==","","legacyData"
"dfce119c-081d-4a97-9015-cc8fe7f4c9d8","OSBS_050.basePlot.vst","2014-09-30","D03","OSBS","OSBS_050","distributed","emergentHerbaceousWetlands",29.68969,-82.005389,"WGS84",NA,402729.73,3284824.05,"17N",30.5,NA,"vst_OSBS_2014","NEON.DOC.000987vD",NA,NA,NA,NA,NA,NA,"noneSelected","noneSelected",400,400,400,"Other vegetation structure measurements; also D03TRA11","5VXGV5DcOHuodH7VxZ1YlA==","","legacyData"
"8462195a-a1f6-44f0-940e-6a406f101907","OSBS_010.basePlot.vst","2014-09-30","D03","OSBS","OSBS_010","distributed","evergreenForest",29.691763,-81.941829,"WGS84",20.2,408881.26,3285001.97,"17N",40.1,0.2,"vst_OSBS_2014","NEON.DOC.000987vD",NA,NA,NA,NA,NA,NA,"25","noneSelected",400,200,400,"Woody stems mapping establishment; re-did this plot to correct previous tagging errors","BmJuQtlW/PDrFM58hXiWEg==","","legacyData"
"f40f46c0-6d0d-492b-9fb5-ec2e66f90672","OSBS_005.basePlot.vst","2014-10-01","D03","OSBS","OSBS_005","distributed","woodyWetlands",29.696569,-82.025578,"WGS84",20.3,400783.13,3285603.45,"17N",30.3,0.6,"vst_OSBS_2014","NEON.DOC.000987vD",NA,NA,NA,NA,NA,NA,"25","noneSelected",400,200,400,"Woody stems mapping establishment; re-did this plot to use new subplot size; also: D03AWN13","BmJuQtlW/PDrFM58hXiWEg==",NA,"legacyData"
"56e2266c-1d3a-437d-af13-c761ab9476ca","OSBS_017.basePlot.vst","2014-10-01","D03","OSBS","OSBS_017","distributed","woodyWetlands",29.703872,-81.991847,"WGS84",NA,404053.51,3286384.23,"17N",28,NA,"vst_OSBS_2014","NEON.DOC.000987vD",NA,NA,NA,NA,NA,NA,"noneSelected","noneSelected",400,400,400,"Other vegetation structure measurements; also D03TSB28 and D03TRA11","5VXGV5DcOHuodH7VxZ1YlA==",NA,"legacyData"
"e3970ff3-37b9-45dd-9026-b95e5fe333d3","OSBS_009.basePlot.vst","2014-10-01","D03","OSBS","OSBS_009","distributed","woodyWetlands",29.698798,-82.017543,"WGS84",20.2,401562.67,3285843.59,"17N",31.5,0.4,"vst_OSBS_2014","NEON.DOC.000987vD",NA,NA,NA,NA,NA,NA,"noneSelected","noneSelected",400,400,400,"Other vegetation structure measurements; also D03DWB07 and D03SAM05; data outdated redid using a different subplot size","K3G6zI+Uvyw6RXUKVUOPZw==",NA,"legacyData"
"a66abf64-0521-473f-a3e6-309f5e63183c","OSBS_005.basePlot.vst","2014-10-01","D03","OSBS","OSBS_005","distributed","woodyWetlands",29.696569,-82.025578,"WGS84",20.3,400783.13,3285603.45,"17N",30.3,0.6,"vst_OSBS_2014","NEON.DOC.000987vD",NA,NA,NA,NA,NA,NA,"noneSelected","noneSelected",400,400,400,"Other vegetation structure measurements; Also D03AWN13 and D03CIJ08","BmJuQtlW/PDrFM58hXiWEg==",NA,"legacyData"
"ae3b911d-3b68-4687-bd1f-7bb8350b14dc","OSBS_043.basePlot.vst","2014-10-02","D03","OSBS","OSBS_043","tower","evergreenForest",29.69143,-81.988956,"WGS84",20.1,404321.34,3285003.13,"17N",47.6,0.4,"vst_OSBS_2014","NEON.DOC.000987vD",NA,NA,NA,NA,NA,NA,"noneSelected","noneSelected",800,800,800,"Other vegetation structure measurements; found tag 447; clump of serenoa repens difficult to measure in subplot 39","F3BGC7gkmeDTS7K/8ssqhw==",NA,"legacyData"
"97466831-9106-4972-b382-0dd549700d8c","OSBS_036.basePlot.vst","2014-10-02","D03","OSBS","OSBS_036","tower","evergreenForest",29.691429,-81.990504,"WGS84",20.2,404171.57,3285004.3,"17N",43.9,0.2,"vst_OSBS_2014","NEON.DOC.000987vD",NA,NA,NA,NA,NA,NA,"noneSelected","noneSelected",800,800,800,"Other vegetation structure measurements;","F3BGC7gkmeDTS7K/8ssqhw==",NA,"legacyData"
"baad26af-1a9a-43d5-9cab-fb09f6a84c48","OSBS_040.basePlot.vst","2014-10-02","D03","OSBS","OSBS_040","tower","evergreenForest",29.688978,-81.989556,"WGS84",20.1,404260.97,3284731.92,"17N",42.9,0.2,"vst_OSBS_2014","NEON.DOC.000987vD",NA,NA,NA,NA,NA,NA,"noneSelected","noneSelected",800,800,800,"Other vegetation structure measurements; no qualifying structure in subplots 21; 23 and 41","r4VOqRMFZMU6QayfenRs6g==",NA,"legacyData"
"a10d1bb6-6010-4071-a73f-005c607d9728","OSBS_029.basePlot.vst","2014-10-02","D03","OSBS","OSBS_029","tower","evergreenForest",29.692504,-81.989891,"WGS84",20.1,404231.9,3285122.92,"17N",44.3,0.1,"vst_OSBS_2014","NEON.DOC.000987vD",NA,NA,NA,NA,NA,NA,"noneSelected","noneSelected",800,800,800,"Other vegetation structure measurements; no qualifying structure in subplots 39 and 41","F3BGC7gkmeDTS7K/8ssqhw==",NA,"legacyData"
"4131bd9f-91bd-4093-93db-90579a01c3c0","OSBS_015.basePlot.vst","2014-10-02","D03","OSBS","OSBS_015","distributed","woodyWetlands",29.710251,-81.969273,"WGS84",20.1,406243.19,3287072.59,"17N",25.6,0.1,"vst_OSBS_2014","NEON.DOC.000987vD",NA,NA,NA,NA,NA,NA,"25","noneSelected",400,200,400,"Woody stems mapping establishment; re-did this plot to use new subplot size to reduce number of stems monitored and correct errors","jhfqEVVqdSnaGIzmX0T+iw==",NA,"legacyData"
"1eacde5f-fd8f-4d5c-8a5f-741f23f9325d","OSBS_022.basePlot.vst","2014-10-02","D03","OSBS","OSBS_022","distributed","emergentHerbaceousWetlands",29.689482,-81.960693,"WGS84",20.1,407054.05,3284764.23,"17N",24,0.1,"vst_OSBS_2014","NEON.DOC.000987vD",NA,NA,NA,NA,NA,NA,"noneSelected","noneSelected",400,400,400,"Other vegetation structure measurements; also D03TRA11 and D03DWB07","K3G6zI+Uvyw6RXUKVUOPZw==",NA,"legacyData"
"f2883295-7758-46a6-a16d-265cac0dc9e4","OSBS_039.basePlot.vst","2014-10-02","D03","OSBS","OSBS_039","tower","evergreenForest",29.6933,-81.990822,"WGS84",20.1,404142.58,3285211.89,"17N",47.4,0.1,"vst_OSBS_2014","NEON.DOC.000987vD",NA,NA,NA,NA,NA,NA,"noneSelected","noneSelected",800,800,800,"Other vegetation structure measurements; Checked id of Sabal etonia with MLK","F3BGC7gkmeDTS7K/8ssqhw==",NA,"legacyData"
"4d439ef1-d6b3-4d4b-8aa0-75c803fb2349","OSBS_030.basePlot.vst","2014-10-03","D03","OSBS","OSBS_030","tower","evergreenForest",29.689424,-81.997606,"WGS84",20.1,403482.52,3284788.03,"17N",46.1,0.1,"vst_OSBS_2014","NEON.DOC.000987vD",NA,NA,NA,NA,NA,NA,"noneSelected","noneSelected",800,800,800,"Other vegetation structure measurements; no qualifying 'other' stucture in plot","XRPrXaMRZaY=",NA,"legacyData"
"b575cac0-7024-4212-bfcf-56ac13507f3a","OSBS_038.basePlot.vst","2014-10-03","D03","OSBS","OSBS_038","tower","evergreenForest",29.690777,-81.997627,"WGS84",20.2,403481.78,3284937.98,"17N",46,0.2,"vst_OSBS_2014","NEON.DOC.000987vD",NA,NA,NA,NA,NA,NA,"noneSelected","noneSelected",800,800,800,"Other vegetation structure measurements; corner stakes burned but still visible; center missing but 2 flags placed there","XRPrXaMRZaY=",NA,"legacyData"
"bd950b4a-ce8d-45a8-9074-7874acf8bf24","OSBS_025.basePlot.vst","2014-10-03","D03","OSBS","OSBS_025","tower","evergreenForest",29.691867,-81.996384,"WGS84",20.1,403603.09,3285057.72,"17N",45.1,0.1,"vst_OSBS_2014","NEON.DOC.000987vD",NA,NA,NA,NA,NA,NA,"noneSelected","noneSelected",800,800,800,"Other vegetation structure measurements; did not count dead leaves of Serenoa repens; some Opuntia measured were damaged","XRPrXaMRZaY=",NA,"legacyData"
"e677233b-89ce-4b2f-bd0d-fa9a33c85085","OSBS_042.basePlot.vst","2014-10-03","D03","OSBS","OSBS_042","tower","evergreenForest",29.692959,-81.996398,"WGS84",20.3,403602.77,3285178.74,"17N",36.6,0.5,"vst_OSBS_2014","NEON.DOC.000987vD",NA,NA,NA,NA,NA,NA,"noneSelected","noneSelected",800,800,800,"Other vegetation structure measurements; checked identifications of palms with MLK using photos;","XRPrXaMRZaY=",NA,"legacyData"
"e7ec14c6-0694-4e7f-8c48-99f499b4a44c","OSBS_035.basePlot.vst","2014-10-06","D03","OSBS","OSBS_035","tower","evergreenForest",29.687529,-81.997576,"WGS84",20.1,403483.61,3284578.02,"17N",43.6,0.3,"vst_OSBS_2014","NEON.DOC.000987vD",NA,NA,NA,NA,NA,NA,"noneSelected","noneSelected",800,800,800,"Other vegetation structure measurements; plot was measured twiced; first time the wrong area was measured possibly;","Wi2K65/mjTY2mT2lAUuczw==",NA,"legacyData"
"bbea7c25-4aab-427e-8322-051c1bf9212f","OSBS_028.basePlot.vst","2014-10-06","D03","OSBS","OSBS_028","tower","evergreenForest",29.685933,-81.995718,"WGS84",20.1,403661.86,3284399.61,"17N",45,0.1,"vst_OSBS_2014","NEON.DOC.000987vD",NA,NA,NA,NA,NA,NA,"noneSelected","noneSelected",800,800,800,"Other vegetation structure measurements; all stakes melted; dead ferns-needs to be sampled earlier;","Wi2K65/mjTY2mT2lAUuczw==",NA,"legacyData"
"d76a4638-1f67-4b4b-ab92-05d7d661506a","OSBS_041.basePlot.vst","2014-10-06","D03","OSBS","OSBS_041","tower","evergreenForest",29.687527,-81.996333,"WGS84",20.1,403603.88,3284576.76,"17N",44.7,0.2,"vst_OSBS_2014","NEON.DOC.000987vD",NA,NA,NA,NA,NA,NA,"noneSelected","noneSelected",800,800,800,"Other vegetation structure measurements;","Wi2K65/mjTY2mT2lAUuczw==",NA,"legacyData"
"91000001-9bda-45e0-836b-fdd77c07e976","OSBS_021.basePlot.vst","2014-10-06","D03","OSBS","OSBS_021","distributed","woodyWetlands",29.695767,-81.953023,"WGS84",NA,407801.93,3285454.49,"17N",25,NA,"vst_OSBS_2014","NEON.DOC.000987vD",NA,NA,NA,NA,NA,NA,"25","noneSelected",400,200,400,"Woody stems mapping establishment; Also: D03AWN13; re-did this plot using new subplot size and correcting errors; ended up with too few stems from the 25m2 subplot area for shrub/small trees","jhfqEVVqdSnaGIzmX0T+iw==",NA,"legacyData"
"f30d4441-a3cf-4c3f-a2d2-caff7a0724e3","OSBS_021.basePlot.vst","2014-10-06","D03","OSBS","OSBS_021","distributed","woodyWetlands",29.695767,-81.953023,"WGS84",NA,407801.93,3285454.49,"17N",25,NA,"vst_OSBS_2014","NEON.DOC.000987vD",NA,NA,NA,NA,NA,NA,"noneSelected","noneSelected",400,400,400,"Other vegetation structure measurements; also D03AWN13","/DFsN2FycEz9qG+SSaACNg==",NA,"legacyData"
"31b8301a-9970-420e-bdd0-f054737a243f","OSBS_037.basePlot.vst","2014-10-06","D03","OSBS","OSBS_037","tower","evergreenForest",29.686474,-81.994473,"WGS84",20.1,403782.84,3284458.53,"17N",45.3,0.1,"vst_OSBS_2014","NEON.DOC.000987vD",NA,NA,NA,NA,NA,NA,"noneSelected","noneSelected",800,800,800,"Other Vegetation structure measurements; Also with: D03BCZ01 D03ELC17;","Wi2K65/mjTY2mT2lAUuczw==",NA,"legacyData"
"9fab59ca-8786-48a5-ab9d-2d2055e053fd","OSBS_009.basePlot.vst","2014-10-07","D03","OSBS","OSBS_009","distributed","woodyWetlands",29.698798,-82.017543,"WGS84",20.2,401562.67,3285843.59,"17N",31.5,0.4,"vst_OSBS_2014","NEON.DOC.000987vD",NA,NA,NA,NA,NA,NA,"25","25",400,200,200,"Woody stem mapping; re-did the plot using new subplot size; removed duplicate tags; some unusual growth forms and problematic lianas remain; nestedsuplotAreaLiana size does not capture the target stem density--this is a problem that needs to be corrected","jhfqEVVqdSnaGIzmX0T+iw==",NA,"legacyData"
"71adae62-64cc-481c-a5ab-cde8b3ce6413","OSBS_009.basePlot.vst","2014-10-07","D03","OSBS","OSBS_009","distributed","woodyWetlands",29.698798,-82.017543,"WGS84",20.2,401562.67,3285843.59,"17N",31.5,0.4,"vst_OSBS_2014","NEON.DOC.000987vD",NA,NA,NA,NA,NA,NA,"noneSelected","noneSelected",400,400,400,"Other vegetation structure measurements; also D03ALW13; updated data","nnUUIYFh2O2TnJx4TNlQYg==",NA,"legacyData"
"efb98377-0cb0-4fca-9c10-71ba739873ef","OSBS_044.basePlot.vst","2014-10-08","D03","OSBS","OSBS_044","tower","evergreenForest",29.690847,-81.992034,"WGS84",20.1,404022.99,3284941.08,"17N",44.2,0.1,"vst_OSBS_2014","NEON.DOC.000987vD",NA,NA,NA,NA,NA,NA,"noneSelected","noneSelected",800,800,800,"Other vegetation structure measurements;","Wi2K65/mjTY2mT2lAUuczw==",NA,"legacyData"
"157de165-c91f-409f-a3c7-50e119f40772","OSBS_031.basePlot.vst","2014-10-08","D03","OSBS","OSBS_031","tower","evergreenForest",29.688968,-81.991105,"WGS84",NA,404111.08,3284732.09,"17N",49.2,NA,"vst_OSBS_2014","NEON.DOC.000987vD",NA,NA,NA,NA,NA,NA,"noneSelected","noneSelected",800,800,800,"Other vegetation structure measurements; Checked identity of Serenoa repens with MLK","Wi2K65/mjTY2mT2lAUuczw==",NA,"legacyData"
"b5124135-fd28-4fec-87fd-44303276a3e6","OSBS_032.basePlot.vst","2014-10-08","D03","OSBS","OSBS_032","tower","evergreenForest",29.690033,-81.99111,"WGS84",20.1,404111.61,3284850.11,"17N",46.4,0.1,"vst_OSBS_2014","NEON.DOC.000987vD",NA,NA,NA,NA,NA,NA,"10","noneSelected",800,40,800,"","Wi2K65/mjTY2mT2lAUuczw==",NA,"legacyData"
"a7a57b97-3226-47e5-af02-37dc5e9c0596","OSBS_033.basePlot.vst","2014-10-08","D03","OSBS","OSBS_033","tower","evergreenForest",29.690061,-81.989562,"WGS84",20.1,404261.41,3284851.93,"17N",44.1,0.2,"vst_OSBS_2014","NEON.DOC.000987vD",NA,NA,NA,NA,NA,NA,"noneSelected","noneSelected",800,800,800,"Other vegetation structure measurements;","Wi2K65/mjTY2mT2lAUuczw==",NA,"legacyData"
"df19004c-1aba-49d3-b5de-d5c8527fb4aa","OSBS_026.basePlot.vst","2014-10-09","D03","OSBS","OSBS_026","tower","evergreenForest",29.693584,-81.992057,"WGS84",20.1,404023.36,3285244.39,"17N",43,0.1,"vst_OSBS_2014","NEON.DOC.000987vD",NA,NA,NA,NA,NA,NA,"noneSelected","noneSelected",800,800,800,"Other vegetation structure measurements;","Wi2K65/mjTY2mT2lAUuczw==",NA,"legacyData"
"645f7639-2a56-4e88-9c47-385ff03b25df","OSBS_034.basePlot.vst","2014-10-09","D03","OSBS","OSBS_034","tower","evergreenForest",29.68872,-81.988299,"WGS84",20.1,404382.34,3284702.29,"17N",41.5,0.2,"vst_OSBS_2014","NEON.DOC.000987vD",NA,NA,NA,NA,NA,NA,"noneSelected","noneSelected",800,800,800,"Other vegetation structure measurements; Needs nested subplots for other structure","Wi2K65/mjTY2mT2lAUuczw==",NA,"legacyData"
"d7f046f4-925b-4802-ab15-4324e075954b","OSBS_027.basePlot.vst","2014-10-09","D03","OSBS","OSBS_027","tower","evergreenForest",29.691969,-81.992063,"WGS84",20.1,404021.25,3285065.43,"17N",41.3,0.2,"vst_OSBS_2014","NEON.DOC.000987vD",NA,NA,NA,NA,NA,NA,"noneSelected","noneSelected",800,800,800,"Other vegetation structure measurements;","Wi2K65/mjTY2mT2lAUuczw==",NA,"legacyData"
"33e25d3c-a6e6-4f18-9f21-d8860c1a06d7","OSBS_007.basePlot.vst","2015-03-04","D03","OSBS","OSBS_007","distributed","evergreenForest",29.690276,-81.962572,"WGS84",20.1,406872.98,3284853.72,"17N",34.3,0.1,"vst_OSBS_2015","NEON.DOC.000987vD",NA,NA,NA,NA,NA,NA,"noneSelected","noneSelected",400,400,400,NA,"Og6WBnpVjODUH13MWbFaL/CkHIfmSZ72","cMb2B+jx12AMjNtsEA8t48GND5R87ks/","legacyData"
"4026e94d-e463-4c4e-97bf-28dc50eab2bc","OSBS_007.basePlot.vst","2015-03-04","D03","OSBS","OSBS_007","distributed","evergreenForest",29.690276,-81.962572,"WGS84",20.1,406872.98,3284853.72,"17N",34.3,0.1,"vst_OSBS_2015","NEON.DOC.000987vD",NA,NA,NA,NA,NA,NA,"noneSelected","noneSelected",400,400,400,NA,"SZd6jJU+PWukgvziuyetpzviWNuM2FzT","cMb2B+jx12AMjNtsEA8t48GND5R87ks/","legacyData"
"5155d04b-1915-4a26-a394-c87898c87179","OSBS_013.basePlot.vst","2015-03-09","D03","OSBS","OSBS_013","distributed","evergreenForest",29.682159,-81.961565,"WGS84",20.1,406962.93,3283953.46,"17N",42.3,0.2,"vst_OSBS_2015","NEON.DOC.000987vD",NA,NA,NA,NA,NA,NA,"noneSelected","noneSelected",400,400,400,NA,"PO+gLcqpgG6WKM8lPge6HQp6NUBLdhs8","cMb2B+jx12AMjNtsEA8t48GND5R87ks/","legacyData"
"b884221a-7874-46ce-a971-9052ffece0c9","OSBS_014.basePlot.vst","2015-03-09","D03","OSBS","OSBS_014","distributed","evergreenForest",29.692721,-81.95826,"WGS84",NA,407292.43,3285121.14,"17N",32,NA,"vst_OSBS_2015","NEON.DOC.000987vD",NA,NA,NA,NA,NA,NA,"noneSelected","noneSelected",400,400,400,NA,"qwd4SsQjkwojVAYuvLRi2I6c493EEc9K","cMb2B+jx12AMjNtsEA8t48GND5R87ks/","legacyData"
"51f23802-4df4-4ef3-80da-513c14d53548","OSBS_040.basePlot.vst","2015-05-07","D03","OSBS","OSBS_040","tower","evergreenForest",29.688978,-81.989556,"WGS84",20.1,404260.97,3284731.92,"17N",42.9,0.2,"vst_OSBS_2015","NEON.DOC.000987vD",NA,NA,NA,NA,NA,NA,"noneSelected","noneSelected",800,800,800,"no nested subplot selected","SZd6jJU+PWukgvziuyetpzviWNuM2FzT","qwd4SsQjkwojVAYuvLRi2I6c493EEc9K","legacyData"
"3cab6fca-a3d5-40e4-a0d1-f5a9938f6b37","OSBS_031.basePlot.vst","2015-05-07","D03","OSBS","OSBS_031","tower","evergreenForest",29.688968,-81.991105,"WGS84",NA,404111.08,3284732.09,"17N",49.2,NA,"vst_OSBS_2015","NEON.DOC.000987vD",NA,NA,NA,NA,NA,NA,"noneSelected","noneSelected",800,800,800,"no nested subplots for other veg structure","Sb8D4VxxoIjNRU2egFuiFmhpZdv5UFvW","qwd4SsQjkwojVAYuvLRi2I6c493EEc9K","legacyData"
"72ffd7ea-5175-4feb-8358-c24b905b28d4","OSBS_040.basePlot.vst","2015-05-18","D03","OSBS","OSBS_040","tower","evergreenForest",29.688978,-81.989556,"WGS84",20.1,404260.97,3284731.92,"17N",42.9,0.2,"vst_OSBS_2015","NEON.DOC.000987vD",NA,NA,NA,NA,NA,NA,"noneSelected","noneSelected",800,800,800,"teams overlapped appropriate subplot size selected by second team","PO+gLcqpgG6WKM8lPge6HQp6NUBLdhs8","qwd4SsQjkwojVAYuvLRi2I6c493EEc9K","legacyData"
"d7ef2489-f283-487a-a078-5f828f2e1dc7","OSBS_033.basePlot.vst","2015-05-18","D03","OSBS","OSBS_033","tower","evergreenForest",29.690061,-81.989562,"WGS84",20.1,404261.41,3284851.93,"17N",44.1,0.2,"vst_OSBS_2015","NEON.DOC.000987vD",NA,NA,NA,NA,NA,NA,"noneSelected","noneSelected",800,800,800,"","PO+gLcqpgG6WKM8lPge6HQp6NUBLdhs8","qwd4SsQjkwojVAYuvLRi2I6c493EEc9K","legacyData"
"c94a7649-1305-4ed7-952b-9db2cdab16b5","OSBS_034.basePlot.vst","2015-05-18","D03","OSBS","OSBS_034","tower","evergreenForest",29.68872,-81.988299,"WGS84",20.1,404382.34,3284702.29,"17N",41.5,0.2,"vst_OSBS_2015","NEON.DOC.000987vD",NA,NA,NA,NA,NA,NA,"noneSelected","noneSelected",800,800,800,"","PO+gLcqpgG6WKM8lPge6HQp6NUBLdhs8","qwd4SsQjkwojVAYuvLRi2I6c493EEc9K","legacyData"
"559a098f-2fb9-4568-b9a6-4e51be8acbe1","OSBS_028.basePlot.vst","2015-05-19","D03","OSBS","OSBS_028","tower","evergreenForest",29.685933,-81.995718,"WGS84",20.1,403661.86,3284399.61,"17N",45,0.1,"vst_OSBS_2015","NEON.DOC.000987vD",NA,NA,NA,NA,NA,NA,"noneSelected","noneSelected",800,800,800,"no nested subplot needed for other veg. structure","wotzsmcGfDFGz7NWBrAUn7dLZE1v2DNq","qwd4SsQjkwojVAYuvLRi2I6c493EEc9K","legacyData"
"800bf05f-71f8-4903-9c9e-909b76ca5a67","OSBS_031.basePlot.vst","2015-05-19","D03","OSBS","OSBS_031","tower","evergreenForest",29.688968,-81.991105,"WGS84",NA,404111.08,3284732.09,"17N",49.2,NA,"vst_OSBS_2015","NEON.DOC.000987vD",NA,NA,NA,NA,NA,NA,"noneSelected","noneSelected",800,800,800,"teams overlapped on plot, 2nd team selected appropriate subplot size","wotzsmcGfDFGz7NWBrAUn7dLZE1v2DNq","qwd4SsQjkwojVAYuvLRi2I6c493EEc9K","legacyData"
"f7ebd948-4407-4806-ae1c-d01d8bcab977","OSBS_027.basePlot.vst","2015-08-05","D03","OSBS","OSBS_027","tower","evergreenForest",29.691969,-81.992063,"WGS84",20.1,404021.25,3285065.43,"17N",41.3,0.2,"vst_OSBS_2015","NEON.DOC.000987vD",NA,NA,NA,NA,NA,NA,"noneSelected","noneSelected",800,800,800,"","wotzsmcGfDFGz7NWBrAUn7dLZE1v2DNq","wotzsmcGfDFGz7NWBrAUn7dLZE1v2DNq","legacyData"
"403cfa45-1092-4582-b21e-a7991a91ef7a","OSBS_026.basePlot.vst","2015-08-05","D03","OSBS","OSBS_026","tower","evergreenForest",29.693584,-81.992057,"WGS84",20.1,404023.36,3285244.39,"17N",43,0.1,"vst_OSBS_2015","NEON.DOC.000987vD",NA,NA,NA,NA,NA,NA,"noneSelected","noneSelected",800,800,800,"","wotzsmcGfDFGz7NWBrAUn7dLZE1v2DNq","wotzsmcGfDFGz7NWBrAUn7dLZE1v2DNq","legacyData"
"3f4608ba-4355-45e4-ba61-38f298d5f96b","OSBS_028.basePlot.vst","2015-08-11","D03","OSBS","OSBS_028","tower","evergreenForest",29.685933,-81.995718,"WGS84",20.1,403661.86,3284399.61,"17N",45,0.1,"vst_OSBS_2015","NEON.DOC.000987vD",NA,NA,NA,NA,NA,NA,"100","noneSelected",800,400,800,"","wotzsmcGfDFGz7NWBrAUn7dLZE1v2DNq","wotzsmcGfDFGz7NWBrAUn7dLZE1v2DNq","legacyData"
"2afad628-a5a4-4d9a-941d-c04f2982a921","OSBS_028.basePlot.vst","2015-08-11","D03","OSBS","OSBS_028","tower","evergreenForest",29.685933,-81.995718,"WGS84",20.1,403661.86,3284399.61,"17N",45,0.1,"vst_OSBS_2015","NEON.DOC.000987vD",NA,NA,NA,NA,NA,NA,"noneSelected","noneSelected",800,800,800,"","","","legacyData"
"bc505b65-29dd-45d8-bfdf-be5c23dbc007","OSBS_028.basePlot.vst","2015-08-11","D03","OSBS","OSBS_028","tower","evergreenForest",29.685933,-81.995718,"WGS84",20.1,403661.86,3284399.61,"17N",45,0.1,"vst_OSBS_2015","NEON.DOC.000987vD",NA,NA,NA,NA,NA,NA,"noneSelected","noneSelected",800,800,800,"","wotzsmcGfDFGz7NWBrAUn7dLZE1v2DNq","wotzsmcGfDFGz7NWBrAUn7dLZE1v2DNq","legacyData"
"4c86963e-468a-46f8-a3e4-964e602bc838","OSBS_028.basePlot.vst","2015-08-11","D03","OSBS","OSBS_028","tower","evergreenForest",29.685933,-81.995718,"WGS84",20.1,403661.86,3284399.61,"17N",45,0.1,"vst_OSBS_2015","NEON.DOC.000987vD",NA,NA,NA,NA,NA,NA,"noneSelected","100",800,800,400,"","wotzsmcGfDFGz7NWBrAUn7dLZE1v2DNq","wotzsmcGfDFGz7NWBrAUn7dLZE1v2DNq","legacyData"
"18d37f1b-4bb3-4ac2-aada-72cb75ac9008","OSBS_037.basePlot.vst","2015-08-17","D03","OSBS","OSBS_037","tower","evergreenForest",29.686474,-81.994473,"WGS84",20.1,403782.84,3284458.53,"17N",45.3,0.1,"vst_OSBS_2015","NEON.DOC.000987vD",NA,NA,NA,NA,NA,NA,"noneSelected","noneSelected",800,800,800,"","YK5ulgcjQA5M6hxjAkVbmv4a8AjznrKv","tuy26TKnYHd+FtkfhB+9QYm9M1+Ym6+P","legacyData"
"b673312a-f0d0-46b8-b908-55fb76434082","OSBS_037.basePlot.vst","2015-08-17","D03","OSBS","OSBS_037","tower","evergreenForest",29.686474,-81.994473,"WGS84",20.1,403782.84,3284458.53,"17N",45.3,0.1,"vst_OSBS_2015","NEON.DOC.000987vD",NA,NA,NA,NA,NA,NA,"100","noneSelected",800,400,800,"","YK5ulgcjQA5M6hxjAkVbmv4a8AjznrKv","tuy26TKnYHd+FtkfhB+9QYm9M1+Ym6+P","legacyData"
"9da6c4d0-56f8-4ef8-87df-5e499ae52c16","OSBS_037.basePlot.vst","2015-08-19","D03","OSBS","OSBS_037","tower","evergreenForest",29.686474,-81.994473,"WGS84",20.1,403782.84,3284458.53,"17N",45.3,0.1,"vst_OSBS_2015","NEON.DOC.000987vD",NA,NA,NA,NA,NA,NA,"noneSelected","100",800,800,400,"","YK5ulgcjQA5M6hxjAkVbmv4a8AjznrKv","wotzsmcGfDFGz7NWBrAUn7dLZE1v2DNq","legacyData"
"d084bee1-2129-4573-b3ba-8e09304c3811","OSBS_038.basePlot.vst","2015-08-24","D03","OSBS","OSBS_038","tower","evergreenForest",29.690777,-81.997627,"WGS84",20.2,403481.78,3284937.98,"17N",46,0.2,"vst_OSBS_2015","NEON.DOC.000987vD",NA,NA,NA,NA,NA,NA,"100","noneSelected",800,400,800,"nestedSubplotArea listed as 10m2 but is actually 10x10 or 100m2","KY+U/QBQNmcEyK8w4xYtXY0lqlDkBMLh","tuy26TKnYHd+FtkfhB+9QYm9M1+Ym6+P","legacyData"
"ee90e452-8b44-472b-a078-448a7b012d02","OSBS_038.basePlot.vst","2015-08-24","D03","OSBS","OSBS_038","tower","evergreenForest",29.690777,-81.997627,"WGS84",20.2,403481.78,3284937.98,"17N",46,0.2,"vst_OSBS_2015","NEON.DOC.000987vD",NA,NA,NA,NA,NA,NA,"10","10",800,40,40,"","KvMXXPVfKIu9I2dUXfZf1kfhypuW2KXY","tuy26TKnYHd+FtkfhB+9QYm9M1+Ym6+P","legacyData"
"80496e1a-bea6-4c47-9ad6-18043ce924e3","OSBS_036.basePlot.vst","2015-08-24","D03","OSBS","OSBS_036","tower","evergreenForest",29.691429,-81.990504,"WGS84",20.2,404171.57,3285004.3,"17N",43.9,0.2,"vst_OSBS_2015","NEON.DOC.000987vD",NA,NA,NA,NA,NA,NA,"noneSelected","noneSelected",800,800,800,"","cfnhyGSqXKc3516bF+Ud/jaLDXEcTOrF","cMb2B+jx12AMjNtsEA8t48GND5R87ks/","legacyData"
"72b4e002-7d83-42e6-815f-2afb7bbb9fc4","OSBS_036.basePlot.vst","2015-08-24","D03","OSBS","OSBS_036","tower","evergreenForest",29.691429,-81.990504,"WGS84",20.2,404171.57,3285004.3,"17N",43.9,0.2,"vst_OSBS_2015","NEON.DOC.000987vD",NA,NA,NA,NA,NA,NA,"noneSelected","noneSelected",800,800,800,"","cfnhyGSqXKc3516bF+Ud/jaLDXEcTOrF","tuy26TKnYHd+FtkfhB+9QYm9M1+Ym6+P","legacyData"
"6b94ff43-3bb4-4ab5-a52b-10e9671140b4","OSBS_038.basePlot.vst","2015-08-24","D03","OSBS","OSBS_038","tower","evergreenForest",29.690777,-81.997627,"WGS84",20.2,403481.78,3284937.98,"17N",46,0.2,"vst_OSBS_2015","NEON.DOC.000987vD",NA,NA,NA,NA,NA,NA,"noneSelected","10",800,800,40,"","tuy26TKnYHd+FtkfhB+9QYm9M1+Ym6+P","wotzsmcGfDFGz7NWBrAUn7dLZE1v2DNq","legacyData"
"5a52be39-16e4-4ccb-a0dd-68f3b213ff15","OSBS_044.basePlot.vst","2015-08-25","D03","OSBS","OSBS_044","tower","evergreenForest",29.690847,-81.992034,"WGS84",20.1,404022.99,3284941.08,"17N",44.2,0.1,"vst_OSBS_2015","NEON.DOC.000987vD",NA,NA,NA,NA,NA,NA,"noneSelected","noneSelected",800,800,800,"","cfnhyGSqXKc3516bF+Ud/jaLDXEcTOrF","tuy26TKnYHd+FtkfhB+9QYm9M1+Ym6+P","legacyData"
"b800d7ad-3c13-4079-9317-60f6e708a081","OSBS_043.basePlot.vst","2015-08-25","D03","OSBS","OSBS_043","tower","evergreenForest",29.69143,-81.988956,"WGS84",20.1,404321.34,3285003.13,"17N",47.6,0.4,"vst_OSBS_2015","NEON.DOC.000987vD",NA,NA,NA,NA,NA,NA,"noneSelected","noneSelected",800,800,800,"","KvMXXPVfKIu9I2dUXfZf1kfhypuW2KXY","tuy26TKnYHd+FtkfhB+9QYm9M1+Ym6+P","legacyData"
"05395356-c2b8-4ac3-95c0-ae33956702c1","OSBS_035.basePlot.vst","2015-08-25","D03","OSBS","OSBS_035","tower","evergreenForest",29.687529,-81.997576,"WGS84",20.1,403483.61,3284578.02,"17N",43.6,0.3,"vst_OSBS_2015","NEON.DOC.000987vD",NA,NA,NA,NA,NA,NA,"noneSelected","noneSelected",800,800,800,"","tuy26TKnYHd+FtkfhB+9QYm9M1+Ym6+P","cMb2B+jx12AMjNtsEA8t48GND5R87ks/","legacyData"
"a2e19148-9cda-4b0e-a049-31f6fe5e7320","OSBS_043.basePlot.vst","2015-08-25","D03","OSBS","OSBS_043","tower","evergreenForest",29.69143,-81.988956,"WGS84",20.1,404321.34,3285003.13,"17N",47.6,0.4,"vst_OSBS_2015","NEON.DOC.000987vD",NA,NA,NA,NA,NA,NA,"noneSelected","noneSelected",800,800,800,"","KY+U/QBQNmcEyK8w4xYtXY0lqlDkBMLh","tuy26TKnYHd+FtkfhB+9QYm9M1+Ym6+P","legacyData"
"de3f03fc-1506-40e1-9544-82b2587a39b4","OSBS_035.basePlot.vst","2015-08-25","D03","OSBS","OSBS_035","tower","evergreenForest",29.687529,-81.997576,"WGS84",20.1,403483.61,3284578.02,"17N",43.6,0.3,"vst_OSBS_2015","NEON.DOC.000987vD",NA,NA,NA,NA,NA,NA,"noneSelected","100",800,800,400,"","tuy26TKnYHd+FtkfhB+9QYm9M1+Ym6+P","wotzsmcGfDFGz7NWBrAUn7dLZE1v2DNq","legacyData"
"fc37b7a8-f7dc-4d89-b03b-a432665f4de1","OSBS_034.basePlot.vst","2015-08-26","D03","OSBS","OSBS_034","tower","evergreenForest",29.68872,-81.988299,"WGS84",20.1,404382.34,3284702.29,"17N",41.5,0.2,"vst_OSBS_2015","NEON.DOC.000987vD",NA,NA,NA,NA,NA,NA,"noneSelected","noneSelected",800,800,800,"","tuy26TKnYHd+FtkfhB+9QYm9M1+Ym6+P","cMb2B+jx12AMjNtsEA8t48GND5R87ks/","legacyData"
"a528e2f2-de6f-4ab5-841c-cae0665cbbf2","OSBS_035.basePlot.vst","2015-08-26","D03","OSBS","OSBS_035","tower","evergreenForest",29.687529,-81.997576,"WGS84",20.1,403483.61,3284578.02,"17N",43.6,0.3,"vst_OSBS_2015","NEON.DOC.000987vD",NA,NA,NA,NA,NA,NA,"noneSelected","10",800,800,40,"","tuy26TKnYHd+FtkfhB+9QYm9M1+Ym6+P","wotzsmcGfDFGz7NWBrAUn7dLZE1v2DNq","legacyData"
"d56a6748-9298-4d0d-9947-82771b6a3936","OSBS_035.basePlot.vst","2015-08-26","D03","OSBS","OSBS_035","tower","evergreenForest",29.687529,-81.997576,"WGS84",20.1,403483.61,3284578.02,"17N",43.6,0.3,"vst_OSBS_2015","NEON.DOC.000987vD",NA,NA,NA,NA,NA,NA,"noneSelected","100",800,800,400,"","KvMXXPVfKIu9I2dUXfZf1kfhypuW2KXY","wotzsmcGfDFGz7NWBrAUn7dLZE1v2DNq","legacyData"
"c5350c1b-4251-4fae-aaf4-341cc2e91320","OSBS_032.basePlot.vst","2015-08-27","D03","OSBS","OSBS_032","tower","evergreenForest",29.690033,-81.99111,"WGS84",20.1,404111.61,3284850.11,"17N",46.4,0.1,"vst_OSBS_2015","NEON.DOC.000987vD",NA,NA,NA,NA,NA,NA,"noneSelected","noneSelected",800,800,800,"","cfnhyGSqXKc3516bF+Ud/jaLDXEcTOrF","wotzsmcGfDFGz7NWBrAUn7dLZE1v2DNq","legacyData"
"91b405be-d990-46b8-b935-3bbd56f70c42","OSBS_032.basePlot.vst","2015-08-27","D03","OSBS","OSBS_032","tower","evergreenForest",29.690033,-81.99111,"WGS84",20.1,404111.61,3284850.11,"17N",46.4,0.1,"vst_OSBS_2015","NEON.DOC.000987vD",NA,NA,NA,NA,NA,NA,"noneSelected","noneSelected",800,800,800,"","KvMXXPVfKIu9I2dUXfZf1kfhypuW2KXY","cMb2B+jx12AMjNtsEA8t48GND5R87ks/","legacyData"
"764d2c0b-2e01-4e99-8ea9-91c40d21de8a","OSBS_032.basePlot.vst","2015-08-27","D03","OSBS","OSBS_032","tower","evergreenForest",29.690033,-81.99111,"WGS84",20.1,404111.61,3284850.11,"17N",46.4,0.1,"vst_OSBS_2015","NEON.DOC.000987vD",NA,NA,NA,NA,NA,NA,"noneSelected","noneSelected",800,800,800,"","cfnhyGSqXKc3516bF+Ud/jaLDXEcTOrF","cMb2B+jx12AMjNtsEA8t48GND5R87ks/","legacyData"
"bcf21fed-695a-43f4-92f9-668b301d94e5","OSBS_033.basePlot.vst","2015-08-31","D03","OSBS","OSBS_033","tower","evergreenForest",29.690061,-81.989562,"WGS84",20.1,404261.41,3284851.93,"17N",44.1,0.2,"vst_OSBS_2015","NEON.DOC.000987vD",NA,NA,NA,NA,NA,NA,"noneSelected","noneSelected",800,800,800,"","KvMXXPVfKIu9I2dUXfZf1kfhypuW2KXY","cMb2B+jx12AMjNtsEA8t48GND5R87ks/","legacyData"
"28c56ced-25f4-45e1-b07e-68fb04e69101","OSBS_035.basePlot.vst","2015-08-31","D03","OSBS","OSBS_035","tower","evergreenForest",29.687529,-81.997576,"WGS84",20.1,403483.61,3284578.02,"17N",43.6,0.3,"vst_OSBS_2015","NEON.DOC.000987vD",NA,NA,NA,NA,NA,NA,"noneSelected","100",800,800,400,"","KvMXXPVfKIu9I2dUXfZf1kfhypuW2KXY","wotzsmcGfDFGz7NWBrAUn7dLZE1v2DNq","legacyData"
"d2c3840b-5523-4575-aba2-0dcd3ce48084","OSBS_033.basePlot.vst","2015-08-31","D03","OSBS","OSBS_033","tower","evergreenForest",29.690061,-81.989562,"WGS84",20.1,404261.41,3284851.93,"17N",44.1,0.2,"vst_OSBS_2015","NEON.DOC.000987vD",NA,NA,NA,NA,NA,NA,"noneSelected","100",800,800,400,"","wotzsmcGfDFGz7NWBrAUn7dLZE1v2DNq","wotzsmcGfDFGz7NWBrAUn7dLZE1v2DNq","legacyData"
"2360ca52-744a-41a0-a625-b857811961f4","OSBS_035.basePlot.vst","2015-08-31","D03","OSBS","OSBS_035","tower","evergreenForest",29.687529,-81.997576,"WGS84",20.1,403483.61,3284578.02,"17N",43.6,0.3,"vst_OSBS_2015","NEON.DOC.000987vD",NA,NA,NA,NA,NA,NA,"noneSelected","noneSelected",800,800,800,"","tuy26TKnYHd+FtkfhB+9QYm9M1+Ym6+P","wotzsmcGfDFGz7NWBrAUn7dLZE1v2DNq","legacyData"
"7bf73fee-28a9-4842-bd6b-93b07c122de2","OSBS_039.basePlot.vst","2015-09-01","D03","OSBS","OSBS_039","tower","evergreenForest",29.6933,-81.990822,"WGS84",20.1,404142.58,3285211.89,"17N",47.4,0.1,"vst_OSBS_2015","NEON.DOC.000987vD",NA,NA,NA,NA,NA,NA,"100","noneSelected",800,400,800,"Plot needs to be re-established","wotzsmcGfDFGz7NWBrAUn7dLZE1v2DNq","tuy26TKnYHd+FtkfhB+9QYm9M1+Ym6+P","legacyData"
"332468d2-f864-41b2-898d-2f70a0ca0ae8","OSBS_039.basePlot.vst","2015-09-01","D03","OSBS","OSBS_039","tower","evergreenForest",29.6933,-81.990822,"WGS84",20.1,404142.58,3285211.89,"17N",47.4,0.1,"vst_OSBS_2015","NEON.DOC.000987vD",NA,NA,NA,NA,NA,NA,"100","noneSelected",800,400,800,"","wotzsmcGfDFGz7NWBrAUn7dLZE1v2DNq","tuy26TKnYHd+FtkfhB+9QYm9M1+Ym6+P","legacyData"
"40ec0492-d587-431f-b013-0275aa144564","OSBS_040.basePlot.vst","2015-09-02","D03","OSBS","OSBS_040","tower","evergreenForest",29.688978,-81.989556,"WGS84",20.1,404260.97,3284731.92,"17N",42.9,0.2,"vst_OSBS_2015","NEON.DOC.000987vD",NA,NA,NA,NA,NA,NA,"noneSelected","noneSelected",800,800,800,"","wotzsmcGfDFGz7NWBrAUn7dLZE1v2DNq","tuy26TKnYHd+FtkfhB+9QYm9M1+Ym6+P","legacyData"
"0a9b8a33-7e1a-48d5-baee-c36581b62e2c","OSBS_025.basePlot.vst","2015-09-03","D03","OSBS","OSBS_025","tower","evergreenForest",29.691867,-81.996384,"WGS84",20.1,403603.09,3285057.72,"17N",45.1,0.1,"vst_OSBS_2015","NEON.DOC.000987vD",NA,NA,NA,NA,NA,NA,"noneSelected","noneSelected",800,800,800,"returned on 20151005 to removed tags with duplicate tag #'s; tags replaced: 258-263 with tags 77-82","wotzsmcGfDFGz7NWBrAUn7dLZE1v2DNq","cMb2B+jx12AMjNtsEA8t48GND5R87ks/","legacyData"
"7d628b12-333c-4727-ba14-6adbe14dc15e","OSBS_028.basePlot.vst","2015-09-03","D03","OSBS","OSBS_028","tower","evergreenForest",29.685933,-81.995718,"WGS84",20.1,403661.86,3284399.61,"17N",45,0.1,"vst_OSBS_2015","NEON.DOC.000987vD",NA,NA,NA,NA,NA,NA,"noneSelected","noneSelected",800,800,800,"","wotzsmcGfDFGz7NWBrAUn7dLZE1v2DNq","wotzsmcGfDFGz7NWBrAUn7dLZE1v2DNq","legacyData"
"ab3cce5b-0ce0-4a81-835d-7f5a4304284d","OSBS_025.basePlot.vst","2015-09-03","D03","OSBS","OSBS_025","tower","evergreenForest",29.691867,-81.996384,"WGS84",20.1,403603.09,3285057.72,"17N",45.1,0.1,"vst_OSBS_2015","NEON.DOC.000987vD",NA,NA,NA,NA,NA,NA,"noneSelected","noneSelected",800,800,800,"returned on 20151005 to remove tags with duplicate tag #'s; tags replaced: 264-268 with tags 83-87","wotzsmcGfDFGz7NWBrAUn7dLZE1v2DNq","cMb2B+jx12AMjNtsEA8t48GND5R87ks/","legacyData"
"f45755a1-bdb7-422f-bdb0-fa1f13f21dcf","OSBS_012.basePlot.vst","2015-09-08","D03","OSBS","OSBS_012","distributed","woodyWetlands",29.71907,-81.983943,"WGS84",20.1,404832.43,3288061.83,"17N",25.5,0.1,"vst_OSBS_2015","NEON.DOC.000987vD",NA,NA,NA,NA,NA,NA,"noneSelected","noneSelected",400,400,400,"","tuy26TKnYHd+FtkfhB+9QYm9M1+Ym6+P","wotzsmcGfDFGz7NWBrAUn7dLZE1v2DNq","legacyData"
"09f152db-05c1-44df-91b1-8b8d19dbecaf","OSBS_023.basePlot.vst","2015-09-08","D03","OSBS","OSBS_023","distributed","emergentHerbaceousWetlands",29.722597,-81.985527,"WGS84",20.1,404682.55,3288453.96,"17N",25.8,0.1,"vst_OSBS_2015","NEON.DOC.000987vD",NA,NA,NA,NA,NA,NA,"noneSelected","noneSelected",400,400,400,"","wotzsmcGfDFGz7NWBrAUn7dLZE1v2DNq","tuy26TKnYHd+FtkfhB+9QYm9M1+Ym6+P","legacyData"
"bf472257-dbff-444c-9bf9-d9a2a7824f5d","OSBS_023.basePlot.vst","2015-09-08","D03","OSBS","OSBS_023","distributed","emergentHerbaceousWetlands",29.722597,-81.985527,"WGS84",20.1,404682.55,3288453.96,"17N",25.8,0.1,"vst_OSBS_2015","NEON.DOC.000987vD",NA,NA,NA,NA,NA,NA,"noneSelected","noneSelected",400,400,400,"","","","legacyData"
"f2c86f97-0c5e-4e6f-bb04-74418bac0f0b","OSBS_042.basePlot.vst","2015-09-08","D03","OSBS","OSBS_042","tower","evergreenForest",29.692959,-81.996398,"WGS84",20.3,403602.77,3285178.74,"17N",36.6,0.5,"vst_OSBS_2015","NEON.DOC.000987vD",NA,NA,NA,NA,NA,NA,"noneSelected","noneSelected",800,800,800,"","wotzsmcGfDFGz7NWBrAUn7zBOusWefR85M+vfzhlSDZvTT/6lVsp3qSYI9uAyqXq","CPmp9t5mZhA/Jlt3T5fTH30MkasxefuVXaoVNojxPQo=","legacyData"
"51e2cbc9-7e66-4923-8adb-1a961529796b","OSBS_006.basePlot.vst","2015-09-09","D03","OSBS","OSBS_006","distributed","evergreenForest",29.686609,-81.983,"WGS84",20.1,404893.06,3284464,"17N",33,0.1,"vst_OSBS_2015","NEON.DOC.000987vD",NA,NA,NA,NA,NA,NA,"noneSelected","noneSelected",400,400,400,"","cMb2B+jx12AMjNtsEA8t48GND5R87ks/","wotzsmcGfDFGz7NWBrAUn7dLZE1v2DNq","legacyData"
"456c13d3-9827-477d-af8d-7ea003fd7a6f","OSBS_008.basePlot.vst","2015-09-09","D03","OSBS","OSBS_008","distributed","evergreenForest",29.685058,-82.007162,"WGS84",20.1,402553.72,3284312.24,"17N",45.2,0.1,"vst_OSBS_2015","NEON.DOC.000987vD",NA,NA,NA,NA,NA,NA,"noneSelected","noneSelected",400,400,400,"","cMb2B+jx12AMjNtsEA8t48GND5R87ks/","wotzsmcGfDFGz7NWBrAUn7dLZE1v2DNq","legacyData"
"e55a5653-430d-432d-a6d1-adb5cb0a9925","OSBS_051.basePlot.vst","2015-09-09","D03","OSBS","OSBS_051","distributed","emergentHerbaceousWetlands",29.67776,-82.007709,"WGS84",20.1,402493.75,3283504,"17N",24.2,0.1,"vst_OSBS_2015","NEON.DOC.000987vD",NA,NA,NA,NA,NA,NA,"noneSelected","noneSelected",400,400,400,"","cMb2B+jx12AMjNtsEA8t48GND5R87ks/","wotzsmcGfDFGz7NWBrAUn7dLZE1v2DNq","legacyData"
"57c833a9-7d68-4ece-8f6f-4e5987a23017","OSBS_050.basePlot.vst","2015-09-09","D03","OSBS","OSBS_050","distributed","emergentHerbaceousWetlands",29.68969,-82.005389,"WGS84",NA,402729.73,3284824.05,"17N",30.5,NA,"vst_OSBS_2015","NEON.DOC.000987vD",NA,NA,NA,NA,NA,NA,"noneSelected","noneSelected",400,400,400,"","bjCTcOGonuQG/85irvuEkGxAI7DsIhZZ","wotzsmcGfDFGz7NWBrAUn7dLZE1v2DNq","legacyData"
"91379ef8-5be8-45c4-99b5-8567a18e6a46","OSBS_008.basePlot.vst","2015-09-09","D03","OSBS","OSBS_008","distributed","evergreenForest",29.685058,-82.007162,"WGS84",20.1,402553.72,3284312.24,"17N",45.2,0.1,"vst_OSBS_2015","NEON.DOC.000987vD",NA,NA,NA,NA,NA,NA,"noneSelected","noneSelected",400,400,400,"","bjCTcOGonuQG/85irvuEkGxAI7DsIhZZ","wotzsmcGfDFGz7NWBrAUn7dLZE1v2DNq","legacyData"
"bc0bf682-85f4-48b9-9f08-bc5cd1be5968","OSBS_016.basePlot.vst","2015-09-10","D03","OSBS","OSBS_016","distributed","woodyWetlands",29.682391,-81.967449,"WGS84",20.2,406393.81,3283983.91,"17N",26.1,0.2,"vst_OSBS_2015","NEON.DOC.000987vD",NA,NA,NA,NA,NA,NA,"noneSelected","noneSelected",400,400,400,"","tuy26TKnYHd+FtkfhB+9QYm9M1+Ym6+P","wotzsmcGfDFGz7NWBrAUn7dLZE1v2DNq","legacyData"
"0d1ad3f8-b0f0-4a90-8c58-e8d21c9127df","OSBS_002.basePlot.vst","2015-09-11","D03","OSBS","OSBS_002","distributed","evergreenForest",29.70386,-81.956817,"WGS84",20.2,407442.25,3286354.36,"17N",31.5,0.2,"vst_OSBS_2015","NEON.DOC.000987vD",NA,NA,NA,NA,NA,NA,"noneSelected","noneSelected",400,400,400,"","wotzsmcGfDFGz7NWBrAUn7dLZE1v2DNq","wotzsmcGfDFGz7NWBrAUn7dLZE1v2DNq","legacyData"
"1a50ca7c-f766-4b60-823b-c6ae724d2225","OSBS_010.basePlot.vst","2015-09-14","D03","OSBS","OSBS_010","distributed","evergreenForest",29.691763,-81.941829,"WGS84",20.2,408881.26,3285001.97,"17N",40.1,0.2,"vst_OSBS_2015","NEON.DOC.000987vD",NA,NA,NA,NA,NA,NA,"noneSelected","noneSelected",400,400,400,"","q7NOQnJTDEcU8ROliZAdUpGDQF8AYW6T","wotzsmcGfDFGz7NWBrAUn7dLZE1v2DNq","legacyData"
"5e5dc536-f14a-424c-bc1a-3e4df9297b8c","OSBS_021.basePlot.vst","2015-09-15","D03","OSBS","OSBS_021","distributed","woodyWetlands",29.695767,-81.953023,"WGS84",NA,407801.93,3285454.49,"17N",25,NA,"vst_OSBS_2015","NEON.DOC.000987vD",NA,NA,NA,NA,NA,NA,"noneSelected","noneSelected",400,400,400,"","IaXfrbXr6GQAKfG/Thmkj2xXG2gxDgR+","tuy26TKnYHd+FtkfhB+9QYm9M1+Ym6+P","legacyData"
"11ca4eef-9265-4b24-a3d9-bdd80158c290","OSBS_020.basePlot.vst","2015-09-15","D03","OSBS","OSBS_020","distributed","woodyWetlands",29.68685,-81.950765,"WGS84",NA,408012.19,3284464.58,"17N",25,NA,"vst_OSBS_2015","NEON.DOC.000987vD",NA,NA,NA,NA,NA,NA,"noneSelected","noneSelected",400,400,400,"","l6untNyrjVoOWz13zZo4M6NA5VYfbMkh","wotzsmcGfDFGz7NWBrAUn7dLZE1v2DNq","legacyData"
"daeb919e-c9c3-4908-b214-ee7de18e523e","OSBS_021.basePlot.vst","2015-09-15","D03","OSBS","OSBS_021","distributed","woodyWetlands",29.695767,-81.953023,"WGS84",NA,407801.93,3285454.49,"17N",25,NA,"vst_OSBS_2015","NEON.DOC.000987vD",NA,NA,NA,NA,NA,NA,"25","noneSelected",400,200,400,"","IaXfrbXr6GQAKfG/Thmkj2xXG2gxDgR+","tuy26TKnYHd+FtkfhB+9QYm9M1+Ym6+P","legacyData"
"34b80c58-3e92-426c-a973-96c54987f3c6","OSBS_048.basePlot.vst","2015-09-29","D03","OSBS","OSBS_048","distributed","evergreenForest",29.679299,-81.946352,"WGS84",NA,408432.36,3283624.4,"17N",34.6,NA,"vst_OSBS_2015","NEON.DOC.000987vD",NA,NA,NA,NA,NA,NA,"noneSelected","noneSelected",400,400,400,"","tuy26TKnYHd+FtkfhB+9QRxZe/7+XEyWKXIDnvjwbIkTR+cnQ15JYidUrvcJu5IE","HM3qUT9M5/mAjk+vCUjOAK/LrS+4YCSQ4cmPS38ZO/Y=","legacyData"
"ea791421-e11a-4226-a62b-138ccb98ed63","OSBS_003.basePlot.vst","2015-09-29","D03","OSBS","OSBS_003","distributed","evergreenForest",29.694992,-81.94742,"WGS84",20.1,408343.26,3285364.2,"17N",31.9,0.2,"vst_OSBS_2015","NEON.DOC.000987vD",NA,NA,NA,NA,NA,NA,"noneSelected","noneSelected",400,400,400,"","l6untNyrjVoOWz13zZo4M6NA5VYfbMkh","wotzsmcGfDFGz7NWBrAUn7dLZE1v2DNq","legacyData"
"a4f3c729-d978-4daa-98af-f6119d66ac02","OSBS_014.basePlot.vst","2015-10-01","D03","OSBS","OSBS_014","distributed","evergreenForest",29.692721,-81.95826,"WGS84",NA,407292.43,3285121.14,"17N",32,NA,"vst_OSBS_2015","NEON.DOC.000987vD",NA,NA,NA,NA,NA,NA,"noneSelected","noneSelected",400,400,400,"","wotzsmcGfDFGz7NWBrAUn7dLZE1v2DNq","wotzsmcGfDFGz7NWBrAUn7dLZE1v2DNq","legacyData"
"df2337d8-30ec-44f9-bc23-7a616000412d","OSBS_003.basePlot.vst","2015-10-05","D03","OSBS","OSBS_003","distributed","evergreenForest",29.694992,-81.94742,"WGS84",20.1,408343.26,3285364.2,"17N",31.9,0.2,"vst_OSBS_2015","NEON.DOC.000987vD",NA,NA,NA,NA,NA,NA,"10","noneSelected",400,80,400,"exchanged tagID's to eliminate duplicates","PO+gLcqpgG6WKM8lPge6HQp6NUBLdhs8","qwd4SsQjkwojVAYuvLRi2I6c493EEc9K","legacyData"
"3b9a5c5c-711c-441a-bbf2-0c80f7a33c8a","OSBS_004.basePlot.vst","2015-10-05","D03","OSBS","OSBS_004","distributed","evergreenForest",29.684073,-81.959108,"WGS84",20.2,407202.43,3284163.58,"17N",36.8,0.6,"vst_OSBS_2015","NEON.DOC.000987vD",NA,NA,NA,NA,NA,NA,"noneSelected","noneSelected",400,400,400,"","PO+gLcqpgG6WKM8lPge6HXi9FuzCMJ0UhiBuDRaEk5OIRiCZQNCVHzAUY//se+tp","CPmp9t5mZhA/Jlt3T5fTH30MkasxefuVXaoVNojxPQo=","legacyData"
"3953405d-4c92-4b33-8330-f6a1556f85c6","OSBS_017.basePlot.vst","2015-10-06","D03","OSBS","OSBS_017","distributed","woodyWetlands",29.703872,-81.991847,"WGS84",NA,404053.51,3286384.23,"17N",28,NA,"vst_OSBS_2015","NEON.DOC.000987vD",NA,NA,NA,NA,NA,NA,"noneSelected","noneSelected",400,400,400,"","PO+gLcqpgG6WKM8lPge6HXi9FuzCMJ0UhiBuDRaEk5OIRiCZQNCVHzAUY//se+tp","CPmp9t5mZhA/Jlt3T5fTH30MkasxefuVXaoVNojxPQo=","legacyData"
"f7e9d472-6174-4c40-8606-bfe04e5d9ee0","OSBS_005.basePlot.vst","2015-10-08","D03","OSBS","OSBS_005","distributed","woodyWetlands",29.696569,-82.025578,"WGS84",20.3,400783.13,3285603.45,"17N",30.3,0.6,"vst_OSBS_2015","NEON.DOC.000987vD",NA,NA,NA,NA,NA,NA,"25","25",400,200,200,"","IaXfrbXr6GQAKfG/Thmkj2xXG2gxDgR+","wotzsmcGfDFGz7NWBrAUn7dLZE1v2DNq","legacyData"
"9a3d1e41-73f1-4899-b902-c4a036862f34","OSBS_037.basePlot.vst","2016-05-16","D03","OSBS","OSBS_037","tower","evergreenForest",29.686474,-81.994473,"WGS84",20.1,403782.84,3284458.53,"17N",45.3,0.1,"vst_OSBS_2016","NEON.DOC.000987vE","Y",NA,"Y",NA,"Y",NA,"100","noneSelected",800,400,800,"","XBhTOsXqc3JUpPrNmD30I5JCq90cfBjT","Z1kn+qG/kiLVelUOX7kLSqEptlfcv2S8",NA
"772cba96-b74a-4f2e-b0fe-deae0098e655","OSBS_038.basePlot.vst","2016-05-16","D03","OSBS","OSBS_038","tower","evergreenForest",29.690777,-81.997627,"WGS84",20.2,403481.78,3284937.98,"17N",46,0.2,"vst_OSBS_2016","NEON.DOC.000987vE","Y",NA,"Y",NA,"Y",NA,"100","noneSelected",800,400,800,"","XBhTOsXqc3JUpPrNmD30I5JCq90cfBjT","vlJc9UmbktF8NTcilA9tKrVjUrZIPTa3",NA
"2de9a85f-5bf9-40b9-a634-a8095e7da603","OSBS_042.basePlot.vst","2016-05-16","D03","OSBS","OSBS_042","tower","evergreenForest",29.692959,-81.996398,"WGS84",20.3,403602.77,3285178.74,"17N",36.6,0.5,"vst_OSBS_2016","NEON.DOC.000987vE","Y",NA,"Y",NA,"Y",NA,"noneSelected","noneSelected",800,800,800,"","XBhTOsXqc3JUpPrNmD30I5JCq90cfBjT","vlJc9UmbktF8NTcilA9tKrVjUrZIPTa3",NA
"5a0caa2a-d7bd-49f0-bb4d-ceeb1d7a2382","OSBS_030.basePlot.vst","2016-05-17","D03","OSBS","OSBS_030","tower","evergreenForest",29.689424,-81.997606,"WGS84",20.1,403482.52,3284788.03,"17N",46.1,0.1,"vst_OSBS_2016","NEON.DOC.000987vE","",NA,"",NA,"",NA,"noneSelected","noneSelected",800,800,800,"","Z1kn+qG/kiLVelUOX7kLSqEptlfcv2S8","XBhTOsXqc3JUpPrNmD30I5JCq90cfBjT",NA
"212594e2-8647-425c-b5be-9aff29a7c5a5","OSBS_026.basePlot.vst","2016-05-17","D03","OSBS","OSBS_026","tower","evergreenForest",29.693584,-81.992057,"WGS84",20.1,404023.36,3285244.39,"17N",43,0.1,"vst_OSBS_2016","NEON.DOC.000987vE","Y",NA,"Y",NA,"Y",NA,"noneSelected","noneSelected",800,800,800,"","SZd6jJU+PWukgvziuyetpzviWNuM2FzT","X3ySgOIsTZpMQrKLnAsF4GDB7yir3E/M",NA
"3df988f2-1fbf-4070-be93-80349097ad8b","OSBS_039.basePlot.vst","2016-05-17","D03","OSBS","OSBS_039","tower","evergreenForest",29.6933,-81.990822,"WGS84",20.1,404142.58,3285211.89,"17N",47.4,0.1,"vst_OSBS_2016","NEON.DOC.000987vE","Y",NA,"Y",NA,"Y",NA,"100","noneSelected",800,400,800,"","SZd6jJU+PWukgvziuyetpzviWNuM2FzT","X3ySgOIsTZpMQrKLnAsF4GDB7yir3E/M",NA
"06de9d69-9a7d-4794-b171-d69f0598f29b","OSBS_029.basePlot.vst","2016-05-17","D03","OSBS","OSBS_029","tower","evergreenForest",29.692504,-81.989891,"WGS84",20.1,404231.9,3285122.92,"17N",44.3,0.1,"vst_OSBS_2016","NEON.DOC.000987vE","Y",NA,"Y",NA,"Y",NA,"noneSelected","noneSelected",800,800,800,"","SZd6jJU+PWukgvziuyetpzviWNuM2FzT","X3ySgOIsTZpMQrKLnAsF4GDB7yir3E/M",NA
"4d1e91cc-f064-4f4f-a34b-be2b79b39d1c","OSBS_043.basePlot.vst","2016-05-17","D03","OSBS","OSBS_043","tower","evergreenForest",29.69143,-81.988956,"WGS84",20.1,404321.34,3285003.13,"17N",47.6,0.4,"vst_OSBS_2016","NEON.DOC.000987vE","Y",NA,"Y",NA,"Y",NA,"noneSelected","noneSelected",800,800,800,"","SZd6jJU+PWukgvziuyetpzviWNuM2FzT","X3ySgOIsTZpMQrKLnAsF4GDB7yir3E/M",NA
"b1420b70-a9e1-43ce-ab7a-534facdd49c8","OSBS_036.basePlot.vst","2016-05-17","D03","OSBS","OSBS_036","tower","evergreenForest",29.691429,-81.990504,"WGS84",20.2,404171.57,3285004.3,"17N",43.9,0.2,"vst_OSBS_2016","NEON.DOC.000987vE","Y",NA,"Y",NA,"Y",NA,"noneSelected","noneSelected",800,800,800,"","SZd6jJU+PWukgvziuyetpzviWNuM2FzT","X3ySgOIsTZpMQrKLnAsF4GDB7yir3E/M",NA
"1da11ba2-33fd-453d-a709-222e9cc1c124","OSBS_035.basePlot.vst","2016-05-17","D03","OSBS","OSBS_035","tower","evergreenForest",29.687529,-81.997576,"WGS84",20.1,403483.61,3284578.02,"17N",43.6,0.3,"vst_OSBS_2016","NEON.DOC.000987vE","Y",NA,"Y",NA,"Y",NA,"100","noneSelected",800,400,800,"","XBhTOsXqc3JUpPrNmD30I5JCq90cfBjT","Z1kn+qG/kiLVelUOX7kLSqEptlfcv2S8",NA
"51023fa0-ad1a-4652-b5b0-0503bf3a6a52","OSBS_025.basePlot.vst","2016-05-17","D03","OSBS","OSBS_025","tower","evergreenForest",29.691867,-81.996384,"WGS84",20.1,403603.09,3285057.72,"17N",45.1,0.1,"vst_OSBS_2016","NEON.DOC.000987vE","",NA,"",NA,"",NA,"noneSelected","noneSelected",800,800,800,"","Z1kn+qG/kiLVelUOX7kLSqEptlfcv2S8","XBhTOsXqc3JUpPrNmD30I5JCq90cfBjT",NA
"55b22e42-597f-42e6-a1b1-5e1bf0454a6a","OSBS_027.basePlot.vst","2016-05-17","D03","OSBS","OSBS_027","tower","evergreenForest",29.691969,-81.992063,"WGS84",20.1,404021.25,3285065.43,"17N",41.3,0.2,"vst_OSBS_2016","NEON.DOC.000987vE","Y",NA,"N",NA,"N",NA,"noneSelected","noneSelected",800,800,800,"","SZd6jJU+PWukgvziuyetpzviWNuM2FzT","X3ySgOIsTZpMQrKLnAsF4GDB7yir3E/M",NA
"eb78b7a5-649e-4f2b-855b-b45fef1fa324","OSBS_041.basePlot.vst","2016-05-18","D03","OSBS","OSBS_041","tower","evergreenForest",29.687527,-81.996333,"WGS84",20.1,403603.88,3284576.76,"17N",44.7,0.2,"vst_OSBS_2016","NEON.DOC.000987vE","Y",NA,"Y",NA,"Y",NA,"100","100",800,400,400,"","Z1kn+qG/kiLVelUOX7kLSqEptlfcv2S8","vlJc9UmbktF8NTcilA9tKrVjUrZIPTa3",NA
"de82e3b7-9c4c-4c27-aa7f-557ec3bdda09","OSBS_031.basePlot.vst","2016-05-18","D03","OSBS","OSBS_031","tower","evergreenForest",29.688968,-81.991105,"WGS84",NA,404111.08,3284732.09,"17N",49.2,NA,"vst_OSBS_2016","NEON.DOC.000987vE","Y",NA,"Y",NA,"Y",NA,"100","100",800,400,400,"","Z1kn+qG/kiLVelUOX7kLSqEptlfcv2S8","XBhTOsXqc3JUpPrNmD30I5JCq90cfBjT",NA
"2091ffd3-5619-4c17-9772-f60021213e6c","OSBS_034.basePlot.vst","2016-05-18","D03","OSBS","OSBS_034","tower","evergreenForest",29.68872,-81.988299,"WGS84",20.1,404382.34,3284702.29,"17N",41.5,0.2,"vst_OSBS_2016","NEON.DOC.000987vE","Y",NA,"Y",NA,"Y",NA,"10","10",800,40,40,"","Z1kn+qG/kiLVelUOX7kLSqEptlfcv2S8","XBhTOsXqc3JUpPrNmD30I5JCq90cfBjT",NA
"e58a6eaf-dfb3-4531-b3c2-8908fd507421","OSBS_033.basePlot.vst","2016-05-18","D03","OSBS","OSBS_033","tower","evergreenForest",29.690061,-81.989562,"WGS84",20.1,404261.41,3284851.93,"17N",44.1,0.2,"vst_OSBS_2016","NEON.DOC.000987vE","Y",NA,"Y",NA,"Y",NA,"100","noneSelected",800,400,800,"","vlJc9UmbktF8NTcilA9tKrVjUrZIPTa3","XBhTOsXqc3JUpPrNmD30I5JCq90cfBjT",NA
"58cd1bd2-7832-4c3b-824c-7bb4c2422ca8","OSBS_044.basePlot.vst","2016-05-18","D03","OSBS","OSBS_044","tower","evergreenForest",29.690847,-81.992034,"WGS84",20.1,404022.99,3284941.08,"17N",44.2,0.1,"vst_OSBS_2016","NEON.DOC.000987vE","N",NA,"N",NA,"N",NA,"noneSelected","noneSelected",800,800,800,"","vlJc9UmbktF8NTcilA9tKrVjUrZIPTa3","XBhTOsXqc3JUpPrNmD30I5JCq90cfBjT",NA
"eaa477f4-63db-4c06-a7b5-8f51a8aa7908","OSBS_028.basePlot.vst","2016-05-18","D03","OSBS","OSBS_028","tower","evergreenForest",29.685933,-81.995718,"WGS84",20.1,403661.86,3284399.61,"17N",45,0.1,"vst_OSBS_2016","NEON.DOC.000987vE","Y",NA,"Y",NA,"Y",NA,"100","100",800,400,400,"","Z1kn+qG/kiLVelUOX7kLSqEptlfcv2S8","XBhTOsXqc3JUpPrNmD30I5JCq90cfBjT",NA
"be133baa-6af7-493f-9913-7522aa870577","OSBS_040.basePlot.vst","2016-05-18","D03","OSBS","OSBS_040","tower","evergreenForest",29.688978,-81.989556,"WGS84",20.1,404260.97,3284731.92,"17N",42.9,0.2,"vst_OSBS_2016","NEON.DOC.000987vE","Y",NA,"Y",NA,"Y",NA,"noneSelected","noneSelected",800,800,800,"","Z1kn+qG/kiLVelUOX7kLSqEptlfcv2S8","XBhTOsXqc3JUpPrNmD30I5JCq90cfBjT",NA
"38c2e715-59bb-40c1-805c-1034df9aa6f4","OSBS_032.basePlot.vst","2016-05-18","D03","OSBS","OSBS_032","tower","evergreenForest",29.690033,-81.99111,"WGS84",20.1,404111.61,3284850.11,"17N",46.4,0.1,"vst_OSBS_2016","NEON.DOC.000987vE","Y",NA,"Y",NA,"Y",NA,"10","noneSelected",800,40,800,"Plot burned by prescribed fire","Z1kn+qG/kiLVelUOX7kLSqEptlfcv2S8","XBhTOsXqc3JUpPrNmD30I5JCq90cfBjT",NA
"4e942e6c-7b1a-40ea-b065-34960623cf40","OSBS_030.basePlot.vst","2016-08-09","D03","OSBS","OSBS_030","tower","evergreenForest",29.689424,-81.997606,"WGS84",20.1,403482.52,3284788.03,"17N",46.1,0.1,"vst_OSBS_2016","NEON.DOC.000987vE","Y","presentInAll","Y","presentInAll","N",NA,"noneSelected","noneSelected",800,800,800,"","qwd4SsQjkwojVAYuvLRi2I6c493EEc9K","q+sogNxuTpaaq3nt4H3feKdAxSnPr68l",NA
"c4915148-37a0-4c09-b78f-4552a2eb9760","OSBS_026.basePlot.vst","2016-08-09","D03","OSBS","OSBS_026","tower","evergreenForest",29.693584,-81.992057,"WGS84",20.1,404023.36,3285244.39,"17N",43,0.1,"vst_OSBS_2016","NEON.DOC.000987vE","Y","presentInAll","Y","presentInAll","N",NA,"noneSelected","noneSelected",800,800,800,"","qwd4SsQjkwojVAYuvLRi2I6c493EEc9K","9FGGVOw93jfS5aOA3dpabjU14a/sOVS4",NA
"529c91f1-559c-4b3d-a7e3-e3a66c2c17cb","OSBS_027.basePlot.vst","2016-08-10","D03","OSBS","OSBS_027","tower","evergreenForest",29.691969,-81.992063,"WGS84",20.1,404021.25,3285065.43,"17N",41.3,0.2,"vst_OSBS_2016","NEON.DOC.000987vE","Y","presentInAll","Y","","N",NA,"noneSelected","noneSelected",800,800,800,"","9FGGVOw93jfS5aOA3dpabjU14a/sOVS4","qwd4SsQjkwojVAYuvLRi2I6c493EEc9K",NA
"55f23949-4a0d-433d-aaf5-db7e9c604afe","OSBS_031.basePlot.vst","2016-08-11","D03","OSBS","OSBS_031","tower","evergreenForest",29.688968,-81.991105,"WGS84",NA,404111.08,3284732.09,"17N",49.2,NA,"vst_OSBS_2016","NEON.DOC.000987vE","Y","presentInAll","Y","presentInAll","N",NA,"100","noneSelected",800,400,800,"","hxd/ub1VzGxI2cvr1ew0yayQEL8nWeAY","YK5ulgcjQA5M6hxjAkVbmv4a8AjznrKv",NA
"36be3de4-eb48-4fae-ae9a-58c3210cd86b","OSBS_036.basePlot.vst","2016-08-11","D03","OSBS","OSBS_036","tower","evergreenForest",29.691429,-81.990504,"WGS84",20.2,404171.57,3285004.3,"17N",43.9,0.2,"vst_OSBS_2016","NEON.DOC.000987vE","Y","presentInAll","Y","presentInAll","N",NA,"noneSelected","noneSelected",800,800,800,"","vlJc9UmbktF8NTcilA9tKrVjUrZIPTa3","qwd4SsQjkwojVAYuvLRi2I6c493EEc9K",NA
"92e7b45c-5ede-4317-8193-da40834ee58b","OSBS_029.basePlot.vst","2016-08-11","D03","OSBS","OSBS_029","tower","evergreenForest",29.692504,-81.989891,"WGS84",20.1,404231.9,3285122.92,"17N",44.3,0.1,"vst_OSBS_2016","NEON.DOC.000987vE","Y","presentInAll","Y","presentInAll","N",NA,"noneSelected","noneSelected",800,800,800,"","8YC3Y9ZJ1p2WQnDU0EvHJsy+mRHbhnVQ","qwd4SsQjkwojVAYuvLRi2I6c493EEc9K",NA
"f28c1995-2916-42c5-a7a1-1a22f2b35041","OSBS_028.basePlot.vst","2016-08-11","D03","OSBS","OSBS_028","tower","evergreenForest",29.685933,-81.995718,"WGS84",20.1,403661.86,3284399.61,"17N",45,0.1,"vst_OSBS_2016","NEON.DOC.000987vE","Y","presentInAll","Y","presentInAll","N",NA,"100","noneSelected",800,400,800,"","9FGGVOw93jfS5aOA3dpabjU14a/sOVS4","cfnhyGSqXKc3516bF+Ud/jaLDXEcTOrF",NA
"8e9d211b-fa89-41c5-97eb-a0fd1d3f7e11","OSBS_038.basePlot.vst","2016-08-22","D03","OSBS","OSBS_038","tower","evergreenForest",29.690777,-81.997627,"WGS84",20.2,403481.78,3284937.98,"17N",46,0.2,"vst_OSBS_2016","NEON.DOC.000987vE","Y","presentInAll","Y","presentInAll","N",NA,"100","noneSelected",800,400,800,"","9FGGVOw93jfS5aOA3dpabjU14a/sOVS4","PbNu4t/t/O1BAZriMiaA3VbsZD9KatgX",NA
"e37d362d-78f4-4c77-9595-7020fdb69482","OSBS_037.basePlot.vst","2016-08-24","D03","OSBS","OSBS_037","tower","evergreenForest",29.686474,-81.994473,"WGS84",20.1,403782.84,3284458.53,"17N",45.3,0.1,"vst_OSBS_2016","NEON.DOC.000987vE","Y","presentInAll","Y","presentInAll","N",NA,"100","noneSelected",800,400,800,"recently burned - many fire sprouts","9FGGVOw93jfS5aOA3dpabjU14a/sOVS4","cMb2B+jx12AMjNtsEA8t48GND5R87ks/",NA
"4796d1a0-a6be-4ba5-92c9-0d3411b87255","OSBS_041.basePlot.vst","2016-08-25","D03","OSBS","OSBS_041","tower","evergreenForest",29.687527,-81.996333,"WGS84",20.1,403603.88,3284576.76,"17N",44.7,0.2,"vst_OSBS_2016","NEON.DOC.000987vE","Y","presentInAll","Y","presentInAll","N",NA,"100","noneSelected",800,400,800,"Check for tagID 1150. This tag was recorded only in apparent individuals for OSBS_041 but already existed in OSBS_037. Tag needs to be removed if found in OSBS_041.","9FGGVOw93jfS5aOA3dpabjU14a/sOVS4","K+tJSr1+vfakLzRtMceLFR7MVx1xGtUA",NA
"97d3382d-73b1-493c-8369-c57c3cb9ac5b","OSBS_035.basePlot.vst","2016-08-29","D03","OSBS","OSBS_035","tower","evergreenForest",29.687529,-81.997576,"WGS84",20.1,403483.61,3284578.02,"17N",43.6,0.3,"vst_OSBS_2016","NEON.DOC.000987vE","Y","presentInAll","Y","presentInAll","N",NA,"100","noneSelected",800,400,800,"","IaXfrbXr6GQAKfG/Thmkj2xXG2gxDgR+","YK5ulgcjQA5M6hxjAkVbmv4a8AjznrKv",NA
"6be4b88b-0b65-4fed-97b7-7246b8790da2","OSBS_043.basePlot.vst","2016-09-01","D03","OSBS","OSBS_043","tower","evergreenForest",29.69143,-81.988956,"WGS84",20.1,404321.34,3285003.13,"17N",47.6,0.4,"vst_OSBS_2016","NEON.DOC.000987vE","Y","presentInAll","Y","23","N",NA,"noneSelected","noneSelected",800,800,800,"","cfnhyGSqXKc3516bF+Ud/jaLDXEcTOrF","YK5ulgcjQA5M6hxjAkVbmv4a8AjznrKv",NA
"7a1262d0-5873-45f3-850d-96c9f0752992","OSBS_044.basePlot.vst","2016-09-01","D03","OSBS","OSBS_044","tower","evergreenForest",29.690847,-81.992034,"WGS84",20.1,404022.99,3284941.08,"17N",44.2,0.1,"vst_OSBS_2016","NEON.DOC.000987vE","Y","","Y","","N",NA,"noneSelected","noneSelected",800,800,800,"Data was split between two AI files and two MD files; dated 9-1-16 and 9-7-16","YK5ulgcjQA5M6hxjAkVbmv4a8AjznrKv","cfnhyGSqXKc3516bF+Ud/jaLDXEcTOrF",NA
"2ae4aa81-079e-4eaf-9940-4c0fdfebdd00","OSBS_044.basePlot.vst","2016-09-07","D03","OSBS","OSBS_044","tower","evergreenForest",29.690847,-81.992034,"WGS84",20.1,404022.99,3284941.08,"17N",44.2,0.1,"vst_OSBS_2016","NEON.DOC.000987vF","Y","","N","","N",NA,"noneSelected","noneSelected",800,800,800,"Data was split between two AI files and two MD files; dated 9-1-16 and 9-7-16","qwd4SsQjkwojVAYuvLRi2I6c493EEc9K","dQ1vinbEFchEmTyUrQj1wJMzRbyIYmox",NA
"af0da365-c2f2-4263-9e0e-7b0ca807c042","OSBS_034.basePlot.vst","2016-09-08","D03","OSBS","OSBS_034","tower","evergreenForest",29.68872,-81.988299,"WGS84",20.1,404382.34,3284702.29,"17N",41.5,0.2,"vst_OSBS_2016","NEON.DOC.000987vE","Y","","Y","","Y",NA,"10","10",800,40,40,"","qwd4SsQjkwojVAYuvLRi2I6c493EEc9K","EuyR0KlpP9nFfPDO+cW7nFSf0zPFfgPOOE0q2S6C1BI=",NA
"567af13b-d67e-4d88-994b-7d480ee7f970","OSBS_033.basePlot.vst","2016-09-12","D03","OSBS","OSBS_033","tower","evergreenForest",29.690061,-81.989562,"WGS84",20.1,404261.41,3284851.93,"17N",44.1,0.2,"vst_OSBS_2016","NEON.DOC.000987vE","Y","presentInAll","Y","presentInAll","N",NA,"100","noneSelected",800,400,800,"","vlJc9UmbktF8NTcilA9tKrVjUrZIPTa3","q+sogNxuTpaaq3nt4H3feKdAxSnPr68l",NA
"e4ea2856-928e-424d-86b0-7507a267ad28","OSBS_032.basePlot.vst","2016-09-12","D03","OSBS","OSBS_032","tower","evergreenForest",29.690033,-81.99111,"WGS84",20.1,404111.61,3284850.11,"17N",46.4,0.1,"vst_OSBS_2016","NEON.DOC.000987vE","Y","presentInAll","Y","39_1","N",NA,"100","noneSelected",800,400,800,"","IaXfrbXr6GQAKfG/Thmkj2xXG2gxDgR+","PbNu4t/t/O1BAZriMiaA3VbsZD9KatgX",NA
"ded54721-3a9a-437f-a2d0-bd9a7b750581","OSBS_040.basePlot.vst","2016-09-13","D03","OSBS","OSBS_040","tower","evergreenForest",29.688978,-81.989556,"WGS84",20.1,404260.97,3284731.92,"17N",42.9,0.2,"vst_OSBS_2016","NEON.DOC.000987vF","Y","presentInAll","Y","presentInAll","N",NA,"noneSelected","noneSelected",800,800,800,"An unknown nested subplot size was used in 2014 and 2015 for woody stems; while no nested subplots were used in 2016 despite nested areas recorded as none for every year for woody stems.","vlJc9UmbktF8NTcilA9tKrVjUrZIPTa3","q+sogNxuTpaaq3nt4H3feKdAxSnPr68l",NA
"abbf6c17-594a-4f0e-901c-58b3ad3f41db","OSBS_025.basePlot.vst","2016-09-14","D03","OSBS","OSBS_025","tower","evergreenForest",29.691867,-81.996384,"WGS84",20.1,403603.09,3285057.72,"17N",45.1,0.1,"vst_OSBS_2016","NEON.DOC.000987vE","Y","presentInAll","Y","presentInAll","N",NA,"noneSelected","noneSelected",800,800,800,"","PbNu4t/t/O1BAZriMiaA3VbsZD9KatgX","IaXfrbXr6GQAKfG/Thmkj2xXG2gxDgR+",NA
"2a694517-bad7-4048-9ee5-ed546fee581a","OSBS_039.basePlot.vst","2016-09-14","D03","OSBS","OSBS_039","tower","evergreenForest",29.6933,-81.990822,"WGS84",20.1,404142.58,3285211.89,"17N",47.4,0.1,"vst_OSBS_2016","NEON.DOC.000987vE","Y","presentInAll","Y","","N",NA,"100","noneSelected",800,400,800,"","IaXfrbXr6GQAKfG/Thmkj2xXG2gxDgR+","PbNu4t/t/O1BAZriMiaA3VbsZD9KatgX",NA
"35299bf8-d7de-4d77-953c-b7810abb1e0b","OSBS_023.basePlot.vst","2016-09-15","D03","OSBS","OSBS_023","distributed","emergentHerbaceousWetlands",29.722597,-81.985527,"WGS84",20.1,404682.55,3288453.96,"17N",25.8,0.1,"vst_OSBS_2016","NEON.DOC.000987vE","Y","41","Y","","N",NA,"noneSelected","noneSelected",400,400,400,"","Z1kn+qG/kiLVelUOX7kLSqEptlfcv2S8","q+sogNxuTpaaq3nt4H3feKdAxSnPr68l",NA
"354428a5-788a-46fb-82ba-e3a9041cd19b","OSBS_012.basePlot.vst","2016-09-15","D03","OSBS","OSBS_012","distributed","woodyWetlands",29.71907,-81.983943,"WGS84",20.1,404832.43,3288061.83,"17N",25.5,0.1,"vst_OSBS_2016","NEON.DOC.000987vE","","","","","",NA,"noneSelected","noneSelected",400,400,400,"No qualifying stems","Z1kn+qG/kiLVelUOX7kLSqEptlfcv2S8","q+sogNxuTpaaq3nt4H3feKdAxSnPr68l",NA
"5ac6dc99-5401-41c1-ab71-58d62d882c12","OSBS_042.basePlot.vst","2016-09-15","D03","OSBS","OSBS_042","tower","evergreenForest",29.692959,-81.996398,"WGS84",20.3,403602.77,3285178.74,"17N",36.6,0.5,"vst_OSBS_2016","NEON.DOC.000987vE","Y","presentInAll","Y","presentInAll","N",NA,"noneSelected","noneSelected",800,800,800,"","PbNu4t/t/O1BAZriMiaA3VbsZD9KatgX","cMb2B+jx12AMjNtsEA8t48GND5R87ks/",NA
"0e08c38d-9f1c-4ef2-9731-43cf185eb9a7","OSBS_006.basePlot.vst","2016-09-16","D03","OSBS","OSBS_006","distributed","evergreenForest",29.686609,-81.983,"WGS84",20.1,404893.06,3284464,"17N",33,0.1,"vst_OSBS_2016","NEON.DOC.000987vE","Y","presentInAll","Y","presentInAll","N",NA,"25","noneSelected",400,200,400,"","a+fcOOAiz+7pYTGAZM5S9oWOFHn4va6d","Z1kn+qG/kiLVelUOX7kLSqEptlfcv2S8",NA
"27486d41-4529-4d41-847c-12fbb096327c","OSBS_051.basePlot.vst","2016-09-19","D03","OSBS","OSBS_051","distributed","emergentHerbaceousWetlands",29.67776,-82.007709,"WGS84",20.1,402493.75,3283504,"17N",24.2,0.1,"vst_OSBS_2016","NEON.DOC.000987vE","Y","","Y","","N",NA,"noneSelected","noneSelected",400,400,400,"","uc/Ogwu/d/aC0/FyeYgRy91eQH6E3aLH","9FGGVOw93jfS5aOA3dpabjU14a/sOVS4",NA
"cd818eea-85fa-4d51-9f4a-c88b67befff0","OSBS_008.basePlot.vst","2016-09-19","D03","OSBS","OSBS_008","distributed","evergreenForest",29.685058,-82.007162,"WGS84",20.1,402553.72,3284312.24,"17N",45.2,0.1,"vst_OSBS_2016","NEON.DOC.000987vE","Y","presentInAll","N","","N",NA,"noneSelected","noneSelected",400,400,400,"","uc/Ogwu/d/aC0/FyeYgRy91eQH6E3aLH","9FGGVOw93jfS5aOA3dpabjU14a/sOVS4",NA
"e1c9d554-f3ed-4ecb-96db-9182ceca2dba","OSBS_016.basePlot.vst","2016-09-20","D03","OSBS","OSBS_016","distributed","woodyWetlands",29.682391,-81.967449,"WGS84",20.2,406393.81,3283983.91,"17N",26.1,0.2,"vst_OSBS_2016","NEON.DOC.000987vE","Y","presentInAll","Y","31","N",NA,"10","noneSelected",400,80,400,"","q+sogNxuTpaaq3nt4H3feKdAxSnPr68l","YK5ulgcjQA5M6hxjAkVbmv4a8AjznrKv",NA
"f0e7cd7e-e639-4098-ad01-33da3052eb4b","OSBS_002.basePlot.vst","2016-09-22","D03","OSBS","OSBS_002","distributed","evergreenForest",29.70386,-81.956817,"WGS84",20.2,407442.25,3286354.36,"17N",31.5,0.2,"vst_OSBS_2016","NEON.DOC.000987vE","Y","41","Y","","N",NA,"noneSelected","noneSelected",400,400,400,"","uc/Ogwu/d/aC0/FyeYgRy91eQH6E3aLH","dQ1vinbEFchEmTyUrQj1wJMzRbyIYmox",NA
"6c02f9ef-0e1c-49b5-9f0c-496d1a6c346b","OSBS_010.basePlot.vst","2016-09-23","D03","OSBS","OSBS_010","distributed","evergreenForest",29.691763,-81.941829,"WGS84",20.2,408881.26,3285001.97,"17N",40.1,0.2,"vst_OSBS_2016","NEON.DOC.000987vE","Y","presentInAll","Y","","N",NA,"25","noneSelected",400,200,400,"","q+sogNxuTpaaq3nt4H3feKdAxSnPr68l","YK5ulgcjQA5M6hxjAkVbmv4a8AjznrKv",NA
"c7cba740-04eb-463b-bd8d-f897b8869fe9","OSBS_003.basePlot.vst","2016-10-03","D03","OSBS","OSBS_003","distributed","evergreenForest",29.694992,-81.94742,"WGS84",20.1,408343.26,3285364.2,"17N",31.9,0.2,"vst_OSBS_2016","NEON.DOC.000987vE","Y","presentInAll","Y","","Y","32","10","noneSelected",400,80,400,NA,"q+sogNxuTpaaq3nt4H3feKdAxSnPr68l","9FGGVOw93jfS5aOA3dpabjU14a/sOVS4",NA
"66980041-fcfa-4123-8735-7331f1b09c50","OSBS_022.basePlot.vst","2016-10-06","D03","OSBS","OSBS_022","distributed","emergentHerbaceousWetlands",29.689482,-81.960693,"WGS84",20.1,407054.05,3284764.23,"17N",24,0.1,"vst_OSBS_2016","NEON.DOC.000987vE","Y","","Y","","N",NA,"noneSelected","noneSelected",400,400,400,NA,"9FGGVOw93jfS5aOA3dpabjU14a/sOVS4","YK5ulgcjQA5M6hxjAkVbmv4a8AjznrKv",NA
"2cc9ccf6-24b4-496d-8de0-9f096c06fbd0","OSBS_048.basePlot.vst","2016-10-11","D03","OSBS","OSBS_048","distributed","evergreenForest",29.679299,-81.946352,"WGS84",NA,408432.36,3283624.4,"17N",34.6,NA,"vst_OSBS_2016","NEON.DOC.000987vE","Y","presentInAll","Y","presentInAll","N",NA,"noneSelected","noneSelected",400,400,400,NA,"XBhTOsXqc3JUpPrNmD30I5JCq90cfBjT","a+fcOOAiz+7pYTGAZM5S9oWOFHn4va6d",NA
"94fa7db0-837a-4af9-a91d-2625cdd09bad","OSBS_011.basePlot.vst","2016-10-12","D03","OSBS","OSBS_011","distributed","evergreenForest",29.721507,-81.987042,"WGS84",20.2,404534.98,3288334.43,"17N",27.2,0.3,"vst_OSBS_2016","NEON.DOC.000987vE","Y","presentInAll","Y","presentInAll","Y",NA,"noneSelected","noneSelected",400,400,400,NA,"qwd4SsQjkwojVAYuvLRi2I6c493EEc9K","cfnhyGSqXKc3516bF+Ud/jaLDXEcTOrF",NA
"32abcd2b-b0c6-4784-ae5d-0d635979c0ef","OSBS_015.basePlot.vst","2016-10-17","D03","OSBS","OSBS_015","distributed","woodyWetlands",29.710251,-81.969273,"WGS84",20.1,406243.19,3287072.59,"17N",25.6,0.1,"vst_OSBS_2016","NEON.DOC.000987vE","Y","31","Y","presentInAll","Y","32","25","noneSelected",400,200,400,NA,"YK5ulgcjQA5M6hxjAkVbmv4a8AjznrKv","XBhTOsXqc3JUpPrNmD30I5JCq90cfBjT",NA
"4bc8e32d-0669-45ec-b7e3-fcf5e606e36b","OSBS_007.basePlot.vst","2016-10-20","D03","OSBS","OSBS_007","distributed","evergreenForest",29.690276,-81.962572,"WGS84",20.1,406872.98,3284853.72,"17N",34.3,0.1,"vst_OSBS_2016","NEON.DOC.000987vE","Y","presentInAll","Y","presentInAll","N",NA,"noneSelected","noneSelected",400,400,400,NA,"YK5ulgcjQA5M6hxjAkVbmv4a8AjznrKv","K+tJSr1+vfakLzRtMceLFR7MVx1xGtUA",NA
"1b3a620f-164e-4dc2-9ee5-f1d3ff253aa9","OSBS_004.basePlot.vst","2016-10-21","D03","OSBS","OSBS_004","distributed","evergreenForest",29.684073,-81.959108,"WGS84",20.2,407202.43,3284163.58,"17N",36.8,0.6,"vst_OSBS_2016","NEON.DOC.000987vE","Y","presentInAll","Y","","N",NA,"noneSelected","noneSelected",400,400,400,NA,"K+tJSr1+vfakLzRtMceLFR7MVx1xGtUA","vlJc9UmbktF8NTcilA9tKrVjUrZIPTa3",NA
"08c39def-28c0-4370-a22c-39421913d590","OSBS_005.basePlot.vst","2016-10-25","D03","OSBS","OSBS_005","distributed","woodyWetlands",29.696569,-82.025578,"WGS84",20.3,400783.13,3285603.45,"17N",30.3,0.6,"vst_OSBS_2016","NEON.DOC.000987vE","Y","","Y","","N",NA,"25","noneSelected",400,200,400,NA,"9FGGVOw93jfS5aOA3dpabjU14a/sOVS4","qwd4SsQjkwojVAYuvLRi2I6c493EEc9K",NA
"6a831bea-387d-4175-987a-39f92072756c","OSBS_013.basePlot.vst","2016-11-01","D03","OSBS","OSBS_013","distributed","evergreenForest",29.682159,-81.961565,"WGS84",20.1,406962.93,3283953.46,"17N",42.3,0.2,"vst_OSBS_2016","NEON.DOC.000987vE","","","","","","","noneSelected","noneSelected",400,400,400,"","9FGGVOw93jfS5aOA3dpabjU14a/sOVS4","XBhTOsXqc3JUpPrNmD30I5JCq90cfBjT",NA
"f3ccf16f-ebcc-4703-95e1-829dceb68856","OSBS_024.basePlot.vst","2016-11-01","D03","OSBS","OSBS_024","distributed","emergentHerbaceousWetlands",29.723939,-81.986781,"WGS84",20.1,404562.53,3288603.71,"17N",25.1,0.1,"vst_OSBS_2016","NEON.DOC.000987vE","","","","","","","noneSelected","noneSelected",400,400,400,"No target taxa present","IaXfrbXr6GQAKfG/Thmkj2xXG2gxDgR+","9FGGVOw93jfS5aOA3dpabjU14a/sOVS4",NA
"e09dabab-add0-49ee-b7d6-50435263fa3c","OSBS_009.basePlot.vst","2016-11-03","D03","OSBS","OSBS_009","distributed","woodyWetlands",29.698798,-82.017543,"WGS84",20.2,401562.67,3285843.59,"17N",31.5,0.4,"vst_OSBS_2016","NEON.DOC.000987vE","Y","presentInAll","Y","31_1","Y","presentInAll","25","noneSelected",400,200,400,"","9FGGVOw93jfS5aOA3dpabjU14a/sOVS4","YK5ulgcjQA5M6hxjAkVbmv4a8AjznrKv",NA
"0cf39774-e7df-47c7-9b81-c19375237870","OSBS_034.basePlot.vst","2017-05-15","D03","OSBS","OSBS_034","tower","evergreenForest",29.68872,-81.988299,"WGS84",20.1,404382.34,3284702.29,"17N",41.5,0.2,"vst_OSBS_2017","NEON.DOC.000987vE","N",NA,"N",NA,"N",NA,"10","noneSelected",800,40,800,"nestedSubplotAreaShurb might be wrong","hxd/ub1VzGxI2cvr1ew0yayQEL8nWeAY","swB/+pnc2VnF9Fa7wkygb+Kf1gKbJNlh/Nqtv62hWkY=",NA
"5d94f82b-71a8-4177-a745-ad054da6ba1f","OSBS_030.basePlot.vst","2017-05-15","D03","OSBS","OSBS_030","tower","evergreenForest",29.689424,-81.997606,"WGS84",20.1,403482.52,3284788.03,"17N",46.1,0.1,"vst_OSBS_2017","NEON.DOC.000987vE","",NA,"",NA,"",NA,"noneSelected","noneSelected",800,800,800,"","hxd/ub1VzGxI2cvr1ew0yayQEL8nWeAY","swB/+pnc2VnF9Fa7wkygb+Kf1gKbJNlh/Nqtv62hWkY=",NA
"0b6516db-7824-4a6b-8e7e-70e04c20bdc5","OSBS_033.basePlot.vst","2017-05-15","D03","OSBS","OSBS_033","tower","evergreenForest",29.690061,-81.989562,"WGS84",20.1,404261.41,3284851.93,"17N",44.1,0.2,"vst_OSBS_2017","NEON.DOC.000987vE","N",NA,"N",NA,"N",NA,"100","noneSelected",800,400,800,"","hxd/ub1VzGxI2cvr1ew0yayQEL8nWeAY","swB/+pnc2VnF9Fa7wkygb+Kf1gKbJNlh/Nqtv62hWkY=",NA
"7a0918e7-d27a-465c-85c1-79d7118e0060","OSBS_026.basePlot.vst","2017-05-16","D03","OSBS","OSBS_026","tower","evergreenForest",29.693584,-81.992057,"WGS84",20.1,404023.36,3285244.39,"17N",43,0.1,"vst_OSBS_2017","NEON.DOC.000987vE","N",NA,"N",NA,"N",NA,"noneSelected","noneSelected",800,800,800,"","hxd/ub1VzGxI2cvr1ew0yayQEL8nWeAY","swB/+pnc2VnF9Fa7wkygb+Kf1gKbJNlh/Nqtv62hWkY=",NA
"dee25e98-a49a-465b-b706-165822071bd8","OSBS_043.basePlot.vst","2017-05-16","D03","OSBS","OSBS_043","tower","evergreenForest",29.69143,-81.988956,"WGS84",20.1,404321.34,3285003.13,"17N",47.6,0.4,"vst_OSBS_2017","NEON.DOC.000987vE","N",NA,"N",NA,"N",NA,"noneSelected","noneSelected",800,800,800,"","hxd/ub1VzGxI2cvr1ew0yayQEL8nWeAY","swB/+pnc2VnF9Fa7wkygb+Kf1gKbJNlh/Nqtv62hWkY=",NA
"30d3dc8a-6ae5-4ba8-9756-275a6bb31a78","OSBS_029.basePlot.vst","2017-05-16","D03","OSBS","OSBS_029","tower","evergreenForest",29.692504,-81.989891,"WGS84",20.1,404231.9,3285122.92,"17N",44.3,0.1,"vst_OSBS_2017","NEON.DOC.000987vE","N",NA,"N",NA,"N",NA,"noneSelected","noneSelected",800,800,800,"","hxd/ub1VzGxI2cvr1ew0yayQEL8nWeAY","swB/+pnc2VnF9Fa7wkygb+Kf1gKbJNlh/Nqtv62hWkY=",NA
"d0cc88a2-68d3-44ee-b111-fdeff29a5a09","OSBS_039.basePlot.vst","2017-05-16","D03","OSBS","OSBS_039","tower","evergreenForest",29.6933,-81.990822,"WGS84",20.1,404142.58,3285211.89,"17N",47.4,0.1,"vst_OSBS_2017","NEON.DOC.000987vE","N",NA,"N",NA,"N",NA,"100","noneSelected",800,400,800,"","hxd/ub1VzGxI2cvr1ew0yayQEL8nWeAY","swB/+pnc2VnF9Fa7wkygb+Kf1gKbJNlh/Nqtv62hWkY=",NA
"2faad4fa-a6e0-4b33-bf69-5112ea4760f5","OSBS_036.basePlot.vst","2017-05-16","D03","OSBS","OSBS_036","tower","evergreenForest",29.691429,-81.990504,"WGS84",20.2,404171.57,3285004.3,"17N",43.9,0.2,"vst_OSBS_2017","NEON.DOC.000987vE","N",NA,"N",NA,"N",NA,"noneSelected","noneSelected",800,800,800,"","hxd/ub1VzGxI2cvr1ew0yayQEL8nWeAY","swB/+pnc2VnF9Fa7wkygb+Kf1gKbJNlh/Nqtv62hWkY=",NA
"e6c97584-0238-4f5d-b2d5-18bc80c32ae3","OSBS_044.basePlot.vst","2017-05-17","D03","OSBS","OSBS_044","tower","evergreenForest",29.690847,-81.992034,"WGS84",20.1,404022.99,3284941.08,"17N",44.2,0.1,"vst_OSBS_2017","NEON.DOC.000987vE","N",NA,"N",NA,"N",NA,"noneSelected","noneSelected",800,800,800,"","hxd/ub1VzGxI2cvr1ew0yayQEL8nWeAY","swB/+pnc2VnF9Fa7wkygb+Kf1gKbJNlh/Nqtv62hWkY=",NA
"67178699-36b8-4cdd-a5bd-26be57f4c1cf","OSBS_027.basePlot.vst","2017-05-17","D03","OSBS","OSBS_027","tower","evergreenForest",29.691969,-81.992063,"WGS84",20.1,404021.25,3285065.43,"17N",41.3,0.2,"vst_OSBS_2017","NEON.DOC.000987vE","N",NA,"N",NA,"N",NA,"noneSelected","noneSelected",800,800,800,"","hxd/ub1VzGxI2cvr1ew0yayQEL8nWeAY","swB/+pnc2VnF9Fa7wkygb+Kf1gKbJNlh/Nqtv62hWkY=",NA
"9ebb8c19-ae03-4a7c-a511-9bf0d32407fc","OSBS_040.basePlot.vst","2017-05-18","D03","OSBS","OSBS_040","tower","evergreenForest",29.688978,-81.989556,"WGS84",20.1,404260.97,3284731.92,"17N",42.9,0.2,"vst_OSBS_2017","NEON.DOC.000987vE","N",NA,"N",NA,"N",NA,"noneSelected","noneSelected",800,800,800,"","hxd/ub1VzGxI2cvr1ew0yayQEL8nWeAY","swB/+pnc2VnF9Fa7wkygb+Kf1gKbJNlh/Nqtv62hWkY=",NA
"34cb9994-f3ce-4575-96af-c57ce3c79013","OSBS_025.basePlot.vst","2017-05-18","D03","OSBS","OSBS_025","tower","evergreenForest",29.691867,-81.996384,"WGS84",20.1,403603.09,3285057.72,"17N",45.1,0.1,"vst_OSBS_2017","NEON.DOC.000987vE","N",NA,"N",NA,"N",NA,"noneSelected","noneSelected",800,800,800,"","hxd/ub1VzGxI2cvr1ew0yayQEL8nWeAY","swB/+pnc2VnF9Fa7wkygb+Kf1gKbJNlh/Nqtv62hWkY=",NA
"d7f66004-b612-4d6e-8ea5-76180a896c37","OSBS_031.basePlot.vst","2017-05-18","D03","OSBS","OSBS_031","tower","evergreenForest",29.688968,-81.991105,"WGS84",NA,404111.08,3284732.09,"17N",49.2,NA,"vst_OSBS_2017","NEON.DOC.000987vE","N",NA,"N",NA,"N",NA,"100","noneSelected",800,400,800,"","hxd/ub1VzGxI2cvr1ew0yayQEL8nWeAY","swB/+pnc2VnF9Fa7wkygb+Kf1gKbJNlh/Nqtv62hWkY=",NA
"80d4eac4-eb99-4a4f-91f7-375818a3cf0c","OSBS_038.basePlot.vst","2017-05-18","D03","OSBS","OSBS_038","tower","evergreenForest",29.690777,-81.997627,"WGS84",20.2,403481.78,3284937.98,"17N",46,0.2,"vst_OSBS_2017","NEON.DOC.000987vE","N",NA,"N",NA,"N",NA,"100","noneSelected",800,400,800,"","hxd/ub1VzGxI2cvr1ew0yayQEL8nWeAY","swB/+pnc2VnF9Fa7wkygb+Kf1gKbJNlh/Nqtv62hWkY=",NA
"ba0e393c-3d19-4ef0-8eea-53a89ca83337","OSBS_032.basePlot.vst","2017-05-18","D03","OSBS","OSBS_032","tower","evergreenForest",29.690033,-81.99111,"WGS84",20.1,404111.61,3284850.11,"17N",46.4,0.1,"vst_OSBS_2017","NEON.DOC.000987vE","N",NA,"N",NA,"N",NA,"100","noneSelected",800,400,800,"","hxd/ub1VzGxI2cvr1ew0yayQEL8nWeAY","swB/+pnc2VnF9Fa7wkygb+Kf1gKbJNlh/Nqtv62hWkY=",NA
"d7f4423a-0057-4827-b58d-558a5c6ef603","OSBS_041.basePlot.vst","2017-05-19","D03","OSBS","OSBS_041","tower","evergreenForest",29.687527,-81.996333,"WGS84",20.1,403603.88,3284576.76,"17N",44.7,0.2,"vst_OSBS_2017","NEON.DOC.000987vE","N",NA,"N",NA,"N",NA,"100","noneSelected",800,400,800,"","hxd/ub1VzGxI2cvr1ew0yayQEL8nWeAY","swB/+pnc2VnF9Fa7wkygb+Kf1gKbJNlh/Nqtv62hWkY=",NA
"2c58966a-3e62-4f2d-a1b3-2b3ed0007245","OSBS_028.basePlot.vst","2017-05-19","D03","OSBS","OSBS_028","tower","evergreenForest",29.685933,-81.995718,"WGS84",20.1,403661.86,3284399.61,"17N",45,0.1,"vst_OSBS_2017","NEON.DOC.000987vE","N",NA,"N",NA,"N",NA,"100","noneSelected",800,400,800,"","hxd/ub1VzGxI2cvr1ew0yayQEL8nWeAY","swB/+pnc2VnF9Fa7wkygb+Kf1gKbJNlh/Nqtv62hWkY=",NA
"39c95eb8-9113-4a84-8d8a-4f46aa29d74a","OSBS_042.basePlot.vst","2017-05-19","D03","OSBS","OSBS_042","tower","evergreenForest",29.692959,-81.996398,"WGS84",20.3,403602.77,3285178.74,"17N",36.6,0.5,"vst_OSBS_2017","NEON.DOC.000987vE","N",NA,"N",NA,"N",NA,"noneSelected","noneSelected",800,800,800,"","hxd/ub1VzGxI2cvr1ew0yayQEL8nWeAY","swB/+pnc2VnF9Fa7wkygb+Kf1gKbJNlh/Nqtv62hWkY=",NA
"511c8346-38ef-49fe-9ce8-3774258182b1","OSBS_037.basePlot.vst","2017-05-19","D03","OSBS","OSBS_037","tower","evergreenForest",29.686474,-81.994473,"WGS84",20.1,403782.84,3284458.53,"17N",45.3,0.1,"vst_OSBS_2017","NEON.DOC.000987vE","N",NA,"N",NA,"N",NA,"100","noneSelected",800,400,800,"","hxd/ub1VzGxI2cvr1ew0yayQEL8nWeAY","swB/+pnc2VnF9Fa7wkygb+Kf1gKbJNlh/Nqtv62hWkY=",NA
"0bc1cc78-d646-405d-b496-d164c537fe0c","OSBS_035.basePlot.vst","2017-05-19","D03","OSBS","OSBS_035","tower","evergreenForest",29.687529,-81.997576,"WGS84",20.1,403483.61,3284578.02,"17N",43.6,0.3,"vst_OSBS_2017","NEON.DOC.000987vE","N",NA,"N",NA,"N",NA,"100","noneSelected",800,400,800,"","hxd/ub1VzGxI2cvr1ew0yayQEL8nWeAY","swB/+pnc2VnF9Fa7wkygb+Kf1gKbJNlh/Nqtv62hWkY=",NA
"762d7b17-2495-4634-af4e-d019b14b383b","OSBS_042.basePlot.vst","2017-11-07","D03","OSBS","OSBS_042","tower","evergreenForest",29.692959,-81.996398,"WGS84",20.3,403602.77,3285178.74,"17N",36.6,0.5,"vst_OSBS_2017","NEON.DOC.000987vE","Y",NA,"Y",NA,"N",NA,"noneSelected","noneSelected",800,800,800,NA,"GrsE2Yu+ldmCqBHwBY6DBDQlk9sv4Hmw1h5L3rY7BgA=","qwd4SsQjkwojVAYuvLRi2I6c493EEc9K",NA
"c203663b-8f8d-447e-a9a5-119a1e9b7da0","OSBS_035.basePlot.vst","2017-11-14","D03","OSBS","OSBS_035","tower","evergreenForest",29.687529,-81.997576,"WGS84",20.1,403483.61,3284578.02,"17N",43.6,0.3,"vst_OSBS_2017","NEON.DOC.000987vG","",NA,"",NA,"",NA,"noneSelected","noneSelected",800,800,800,NA,"uQ3flT+jLrW85u7nE+3riIGajIA12ojXUYMflWmsZYI=","cMb2B+jx12AMjNtsEA8t48GND5R87ks/",NA
"78aa7918-0ee1-42ac-b48b-02bdc05e743e","OSBS_040.basePlot.vst","2017-12-04","D03","OSBS","OSBS_040","tower","evergreenForest",29.688978,-81.989556,"WGS84",20.1,404260.97,3284731.92,"17N",42.9,0.2,"vst_OSBS_2017","NEON.DOC.000987vG","Y","presentInAll","N","","N",NA,"noneSelected","noneSelected",800,800,800,NA,"GrsE2Yu+ldmCqBHwBY6DBDQlk9sv4Hmw1h5L3rY7BgA=","XHDcovp85mKKhOyBJRCCG9BrUnGU9ms3Kfo1BikqVt4=",NA
"4bc89d4b-2db2-4b0d-8e8c-1b31f7a2c274","OSBS_026.basePlot.vst","2017-12-05","D03","OSBS","OSBS_026","tower","evergreenForest",29.693584,-81.992057,"WGS84",20.1,404023.36,3285244.39,"17N",43,0.1,"vst_OSBS_2017","NEON.DOC.000987vE","Y","presentInAll","Y","21","N",NA,"noneSelected","noneSelected",800,800,800,NA,"swB/+pnc2VnF9Fa7wkygb+Kf1gKbJNlh/Nqtv62hWkY=","YK5ulgcjQA5R7y4cKoPJR4j3Fle/NLuF4bqgrxO8ID4=",NA
"a90e976c-a797-4dca-bd0f-8ec75f742455","OSBS_030.basePlot.vst","2017-12-06","D03","OSBS","OSBS_030","tower","evergreenForest",29.689424,-81.997606,"WGS84",20.1,403482.52,3284788.03,"17N",46.1,0.1,"vst_OSBS_2017","NEON.DOC.000987vG","Y","presentInAll","Y","presentInAll","N",NA,"noneSelected","noneSelected",800,800,800,NA,"GrsE2Yu+ldmCqBHwBY6DBDQlk9sv4Hmw1h5L3rY7BgA=","XHDcovp85mKKhOyBJRCCG9BrUnGU9ms3Kfo1BikqVt4=",NA
"1ef18307-6dde-4a4d-9344-cb99fa5eef8b","OSBS_027.basePlot.vst","2017-12-07","D03","OSBS","OSBS_027","tower","evergreenForest",29.691969,-81.992063,"WGS84",20.1,404021.25,3285065.43,"17N",41.3,0.2,"vst_OSBS_2017","NEON.DOC.000987vG","Y","presentInAll","Y","","N",NA,"noneSelected","noneSelected",800,800,800,NA,"GrsE2Yu+ldmCqBHwBY6DBDQlk9sv4Hmw1h5L3rY7BgA=","XHDcovp85mKKhOyBJRCCG9BrUnGU9ms3Kfo1BikqVt4=",NA
"fba671fa-d443-4bd3-be54-607cdee2c717","OSBS_028.basePlot.vst","2017-12-07","D03","OSBS","OSBS_028","tower","evergreenForest",29.685933,-81.995718,"WGS84",20.1,403661.86,3284399.61,"17N",45,0.1,"vst_OSBS_2017","NEON.DOC.000987vG","Y","","Y","","N",NA,"100","noneSelected",800,400,800,NA,"GrsE2Yu+ldmCqBHwBY6DBDQlk9sv4Hmw1h5L3rY7BgA=","XHDcovp85mKKhOyBJRCCG9BrUnGU9ms3Kfo1BikqVt4=",NA
