"uid","namedLocation","domainID","siteID","plotID","date","editedDate","individualID","patchOrIndividual","canopyPosition","plantStatus","stemDiameter","measurementHeight","maxCanopyDiameter","ninetyCanopyDiameter","patchSize","percentCover","height","diseaseType","samplingProtocolVersion","measuredBy","recordedBy","remarks","dataQF"
"ac6ba80f-4e29-4252-afc1-693c1b145629","GUAN_062.phenology.phe","D04","GUAN","GUAN_062","2015-10-07","2015-10-07","NEON.PLA.D04.GUAN.06010","Individual","Full sun","live",13,130,6,3.9,NA,NA,7,NA,NA,"g9AObJQf3eYkUFZYJaxA4ygWnVX2Kjzk","fiApssCEcSVZh4fTchGlfQK3pYYnYQUQ","Adult leaf length- 6.6 cm",NA
"3fa70263-d59f-4a75-b1ec-4d54f363c098","GUAN_062.phenology.phe","D04","GUAN","GUAN_062","2015-10-07","2015-10-07","NEON.PLA.D04.GUAN.06005","Individual","Full sun","live",8.6,90,3.4,3,NA,NA,5,NA,NA,"g9AObJQf3eYkUFZYJaxA4ygWnVX2Kjzk","fiApssCEcSVZh4fTchGlfQK3pYYnYQUQ","Adult leaf length- 7.2 cm",NA
"7af10d12-5079-4246-9a1b-b4bf9e258600","GUAN_062.phenology.phe","D04","GUAN","GUAN_062","2015-10-07","2015-10-07","NEON.PLA.D04.GUAN.06008","Individual","Mostly shaded","live",3.5,110,1.6,1.1,NA,NA,4.5,NA,NA,"g9AObJQf3eYkUFZYJaxA4ygWnVX2Kjzk","fiApssCEcSVZh4fTchGlfQK3pYYnYQUQ","Adult leaf length- 9.0 cm",NA
"87feb3cd-0d4c-4a81-901c-48559b360372","GUAN_062.phenology.phe","D04","GUAN","GUAN_062","2015-10-07","2015-10-07","NEON.PLA.D04.GUAN.06003","Individual","Partially shaded","live",10.1,130,4.9,3.8,NA,NA,7,NA,NA,"g9AObJQf3eYkUFZYJaxA4ygWnVX2Kjzk","fiApssCEcSVZh4fTchGlfQK3pYYnYQUQ","Adult leaf length- 9.7cm",NA
"d693c51e-2781-4021-b710-5b4d79ef2224","GUAN_062.phenology.phe","D04","GUAN","GUAN_062","2015-10-07","2015-10-07","NEON.PLA.D04.GUAN.06006","Individual","Full sun","live",15.3,130,9.3,7,NA,NA,7,NA,NA,"g9AObJQf3eYkUFZYJaxA4ygWnVX2Kjzk","fiApssCEcSVZh4fTchGlfQK3pYYnYQUQ","Adult leaf length- 7.0 cm",NA
"34b28ff1-7aec-48e8-b98b-2d257647c678","GUAN_062.phenology.phe","D04","GUAN","GUAN_062","2015-10-07","2015-10-07","NEON.PLA.D04.GUAN.06007","Individual","Open Grown","live",12.8,130,7.1,4.6,NA,NA,6,NA,NA,"g9AObJQf3eYkUFZYJaxA4ygWnVX2Kjzk","fiApssCEcSVZh4fTchGlfQK3pYYnYQUQ","Adult leaf length - 5.5cm",NA
"9181281e-8c0f-46b0-af32-7c10466956a5","GUAN_062.phenology.phe","D04","GUAN","GUAN_062","2015-10-07","2015-10-07","NEON.PLA.D04.GUAN.06004","Individual","Full shade","live",5.7,110,1.9,1.6,NA,NA,3,NA,NA,"g9AObJQf3eYkUFZYJaxA4ygWnVX2Kjzk","fiApssCEcSVZh4fTchGlfQK3pYYnYQUQ","Adult leaf length- 10 cm",NA
"0ee79d85-a901-4b61-bae8-e7028d2aef5f","GUAN_062.phenology.phe","D04","GUAN","GUAN_062","2015-10-07","2015-10-07","NEON.PLA.D04.GUAN.06001","Individual","Mostly shaded","live",1.4,130,1,0.9,NA,NA,2.8,NA,NA,"g9AObJQf3eYkUFZYJaxA4ygWnVX2Kjzk","fiApssCEcSVZh4fTchGlfQK3pYYnYQUQ","Adult leaf length- 8.3 cm",NA
"b6074a55-6eb1-4818-ab53-bc2f91556f9c","GUAN_062.phenology.phe","D04","GUAN","GUAN_062","2015-10-07","2015-10-07","NEON.PLA.D04.GUAN.06002","Individual","Full sun","live",14.7,130,8,5.8,NA,NA,6,NA,NA,"g9AObJQf3eYkUFZYJaxA4ygWnVX2Kjzk","fiApssCEcSVZh4fTchGlfQK3pYYnYQUQ","Adult leaf length- 7.0 cm",NA
"9d11ee33-4e74-4cc5-8b56-fec9fd8db7e1","GUAN_062.phenology.phe","D04","GUAN","GUAN_062","2015-10-07","2015-10-07","NEON.PLA.D04.GUAN.06009","Individual","Mostly shaded","live",3.9,110,2.5,1.9,NA,NA,4,NA,NA,"g9AObJQf3eYkUFZYJaxA4ygWnVX2Kjzk","fiApssCEcSVZh4fTchGlfQK3pYYnYQUQ","Adult leaf length- 8.2 cm",NA
"68514450-0eba-4258-bcd6-ab3b1a7ac820","GUAN_062.phenology.phe","D04","GUAN","GUAN_062","2016-10-12","2016-10-12","NEON.PLA.D04.GUAN.06004","Individual","Full shade","live",3.8,150,1.8,1.6,NA,NA,3.7,NA,NA,"JbCt3ZVS0Z+JTvkxNP0bfo8iI2dYxsDX","dkUVz+Ep9mjwe8AKJjPrCYTGVeHZyOun",NA,NA
"ea15aaf8-63d5-48a9-a452-b0ddc4865164","GUAN_062.phenology.phe","D04","GUAN","GUAN_062","2016-10-12","2016-10-12","NEON.PLA.D04.GUAN.06006","Individual","Full sun","live",15.5,130,4.3,3,NA,NA,7.5,NA,NA,"JbCt3ZVS0Z+JTvkxNP0bfo8iI2dYxsDX","dkUVz+Ep9mjwe8AKJjPrCYTGVeHZyOun",NA,NA
"0d42cff3-4dd0-48df-8455-9727eed2b6c0","GUAN_062.phenology.phe","D04","GUAN","GUAN_062","2016-10-12","2016-10-12","NEON.PLA.D04.GUAN.06005","Individual","Partially shaded","live",6,150,2.5,2.3,NA,NA,5.1,NA,NA,"JbCt3ZVS0Z+JTvkxNP0bfo8iI2dYxsDX","dkUVz+Ep9mjwe8AKJjPrCYTGVeHZyOun",NA,NA
"103d5b9c-b930-4300-bf95-339b1bd7a7e9","GUAN_062.phenology.phe","D04","GUAN","GUAN_062","2016-10-12","2016-10-12","NEON.PLA.D04.GUAN.06001","Individual","Mostly shaded","live",1.6,130,1.5,0.9,NA,NA,8.2,NA,NA,"JbCt3ZVS0Z+JTvkxNP0bfo8iI2dYxsDX","dkUVz+Ep9mjwe8AKJjPrCYTGVeHZyOun",NA,NA
"31a9e356-30c7-47a9-9e1b-f2a290a9a10d","GUAN_062.phenology.phe","D04","GUAN","GUAN_062","2016-10-12","2016-10-12","NEON.PLA.D04.GUAN.06002","Individual","Full sun","live",14.7,130,6.2,6,NA,NA,5.2,NA,NA,"JbCt3ZVS0Z+JTvkxNP0bfo8iI2dYxsDX","dkUVz+Ep9mjwe8AKJjPrCYTGVeHZyOun",NA,NA
"30a662d6-b101-4fb3-8dae-66c4ffdee551","GUAN_062.phenology.phe","D04","GUAN","GUAN_062","2016-10-12","2016-10-12","NEON.PLA.D04.GUAN.06007","Individual","Open Grown","live",13.3,130,7.3,3.4,NA,NA,6.6,NA,NA,"JbCt3ZVS0Z+JTvkxNP0bfo8iI2dYxsDX","dkUVz+Ep9mjwe8AKJjPrCYTGVeHZyOun",NA,NA
"d75ddeb1-00cc-4563-86f0-aaffa4dc7b75","GUAN_062.phenology.phe","D04","GUAN","GUAN_062","2016-10-12","2016-10-12","NEON.PLA.D04.GUAN.06003","Individual","Full sun","live",10.4,130,5.6,5.5,NA,NA,7.7,NA,NA,"JbCt3ZVS0Z+JTvkxNP0bfo8iI2dYxsDX","dkUVz+Ep9mjwe8AKJjPrCYTGVeHZyOun",NA,NA
"2d5e7982-9a40-4cb7-be26-569ed62f26cc","GUAN_062.phenology.phe","D04","GUAN","GUAN_062","2016-10-12","2016-10-12","NEON.PLA.D04.GUAN.06008","Individual","Mostly shaded","live",3,130,7,1.3,NA,NA,4.2,NA,NA,"JbCt3ZVS0Z+JTvkxNP0bfo8iI2dYxsDX","dkUVz+Ep9mjwe8AKJjPrCYTGVeHZyOun",NA,NA
"c1cdcaf2-b2ac-48b8-860a-89293bca77df","GUAN_062.phenology.phe","D04","GUAN","GUAN_062","2016-10-12","2016-10-12","NEON.PLA.D04.GUAN.06009","Individual","Mostly shaded","live",3.9,130,2,1.7,NA,NA,4,NA,NA,"JbCt3ZVS0Z+JTvkxNP0bfo8iI2dYxsDX","dkUVz+Ep9mjwe8AKJjPrCYTGVeHZyOun",NA,NA
"b094e225-b9d5-4002-bae7-01bc97531b8d","GUAN_062.phenology.phe","D04","GUAN","GUAN_062","2016-10-12","2016-10-12","NEON.PLA.D04.GUAN.06010","Individual","Full sun","live",13,130,6.4,3.7,NA,NA,7,NA,NA,"JbCt3ZVS0Z+JTvkxNP0bfo8iI2dYxsDX","dkUVz+Ep9mjwe8AKJjPrCYTGVeHZyOun",NA,NA
"ad0059be-faab-4c26-8694-dbf2e4b11465","GUAN_062.phenology.phe","D04","GUAN","GUAN_062","2017-10-24","2017-08-09","NEON.PLA.D04.GUAN.06114","Individual","Open grown","Live, physically damaged",15.8,130,1.7,1.6,NA,NA,3.8,NA,"NEON.DOC.014040vH","JbCt3ZVS0Z8p+FnZZjYv2ST6kFQlRmlIVPqV7NV33A8=","zPBe+8pzAK3Kf4/L2qJV36CjLL5KpYr+dJur8mfsxKJSqtDZzH3Glg==","Main bole broken due to hurricane maria",NA
"ed87d568-5362-443e-bf0b-be7690365ce9","GUAN_062.phenology.phe","D04","GUAN","GUAN_062","2017-10-24","2017-08-09","NEON.PLA.D04.GUAN.06116","Individual","Full shade","Live",2,130,1.1,0.9,NA,NA,3,NA,"NEON.DOC.014040vH","JbCt3ZVS0Z8p+FnZZjYv2ST6kFQlRmlIVPqV7NV33A8=","zPBe+8pzAK3Kf4/L2qJV36CjLL5KpYr+dJur8mfsxKJSqtDZzH3Glg==","",NA
"83ff3381-7946-4e5a-a027-c42899568e50","GUAN_062.phenology.phe","D04","GUAN","GUAN_062","2017-10-24","2017-08-09","NEON.PLA.D04.GUAN.06117","Individual","Partially shaded","Live, insect damaged",9.5,130,6.2,4.2,NA,NA,4.2,NA,"NEON.DOC.014040vH","JbCt3ZVS0Z8p+FnZZjYv2ST6kFQlRmlIVPqV7NV33A8=","zPBe+8pzAK3Kf4/L2qJV36CjLL5KpYr+dJur8mfsxKJSqtDZzH3Glg==","Looks like insects fed of leaves",NA
"6e032395-c7ae-41a2-978f-3804c7a2de95","GUAN_062.phenology.phe","D04","GUAN","GUAN_062","2017-10-24","2017-08-09","NEON.PLA.D04.GUAN.06122","Individual","Mostly shaded","Live, insect damaged",4.7,140,2,1.6,NA,NA,3.2,NA,"NEON.DOC.014040vH","JbCt3ZVS0Z8p+FnZZjYv2ST6kFQlRmlIVPqV7NV33A8=","zPBe+8pzAK3Kf4/L2qJV36CjLL5KpYr+dJur8mfsxKJSqtDZzH3Glg==","",NA
"4c80dc38-71f7-442b-8a53-70b7ed44f4ac","GUAN_062.phenology.phe","D04","GUAN","GUAN_062","2017-10-24","2017-08-09","NEON.PLA.D04.GUAN.06153","Individual","Full sun","Live",16.1,130,7,5.6,NA,NA,5.9,NA,"NEON.DOC.014040vH","JbCt3ZVS0Z8p+FnZZjYv2ST6kFQlRmlIVPqV7NV33A8=","zPBe+8pzAK3Kf4/L2qJV36CjLL5KpYr+dJur8mfsxKJSqtDZzH3Glg==","",NA
"698ee959-1555-49ee-8a66-7a6f6817e30c","GUAN_062.phenology.phe","D04","GUAN","GUAN_062","2017-10-24","2017-08-09","NEON.PLA.D04.GUAN.06136","Individual","Open grown","Live",12.3,130,4.8,2.9,NA,NA,3.7,NA,"NEON.DOC.014040vH","JbCt3ZVS0Z8p+FnZZjYv2ST6kFQlRmlIVPqV7NV33A8=","zPBe+8pzAK3Kf4/L2qJV36CjLL5KpYr+dJur8mfsxKJSqtDZzH3Glg==","",NA
"e421638c-7707-4245-a57e-472ad4f503fd","GUAN_062.phenology.phe","D04","GUAN","GUAN_062","2017-10-24","2017-08-09","NEON.PLA.D04.GUAN.06143","Individual","Full sun","Live, insect damaged",19.1,130,9.1,4.4,NA,NA,4.2,NA,"NEON.DOC.014040vH","JbCt3ZVS0Z8p+FnZZjYv2ST6kFQlRmlIVPqV7NV33A8=","zPBe+8pzAK3Kf4/L2qJV36CjLL5KpYr+dJur8mfsxKJSqtDZzH3Glg==","",NA
"28883931-6b42-40d9-93ff-726d2c017d72","GUAN_062.phenology.phe","D04","GUAN","GUAN_062","2017-10-24","2017-08-09","NEON.PLA.D04.GUAN.06155","Individual","Open grown","Live, physically damaged",24.9,130,9.3,6,NA,NA,5,NA,"NEON.DOC.014040vH","JbCt3ZVS0Z8p+FnZZjYv2ST6kFQlRmlIVPqV7NV33A8=","zPBe+8pzAK3Kf4/L2qJV36CjLL5KpYr+dJur8mfsxKJSqtDZzH3Glg==","Broken stems and or boles due to hurricane maria",NA
"b14dd907-a25f-4f09-8fbe-b733fa633239","GUAN_062.phenology.phe","D04","GUAN","GUAN_062","2017-10-24","2017-08-09","NEON.PLA.D04.GUAN.06112","Individual","Full sun","Live",12.5,130,5.7,3.1,NA,NA,6.2,NA,"NEON.DOC.014040vH","JbCt3ZVS0Z8p+FnZZjYv2ST6kFQlRmlIVPqV7NV33A8=","zPBe+8pzAK3Kf4/L2qJV36CjLL5KpYr+dJur8mfsxKJSqtDZzH3Glg==","",NA
"cda1ad17-daf3-4f95-ac7b-90de80b7cb05","GUAN_062.phenology.phe","D04","GUAN","GUAN_062","2017-10-24","2017-07-25","NEON.PLA.D04.GUAN.06006","Individual","Full sun","Live",15.6,130,9.7,8,NA,NA,5.6,NA,"NEON.DOC.014040vH","JbCt3ZVS0Z8p+FnZZjYv2ST6kFQlRmlIVPqV7NV33A8=","zPBe+8pzAK3Kf4/L2qJV36CjLL5KpYr+dJur8mfsxKJSqtDZzH3Glg==","",NA
"e14c04bb-b2c6-4c43-9ee3-8219be272a14","GUAN_062.phenology.phe","D04","GUAN","GUAN_062","2017-10-24","2017-08-09","NEON.PLA.D04.GUAN.06100","Individual","Open grown","Live, physically damaged",35.7,130,10,8.7,NA,NA,7.2,NA,"NEON.DOC.014040vH","JbCt3ZVS0Z8p+FnZZjYv2ST6kFQlRmlIVPqV7NV33A8=","zPBe+8pzAK3Kf4/L2qJV36CjLL5KpYr+dJur8mfsxKJSqtDZzH3Glg==","Broken stems and or boles due to hurricane maria",NA
"096972d5-7ac4-41c7-8e31-0ab31a3c69e1","GUAN_062.phenology.phe","D04","GUAN","GUAN_062","2017-10-24","2015-06-25","NEON.PLA.D04.GUAN.06008","Individual","Partially shaded","Live",3.8,120,2,1.1,NA,NA,2.5,NA,"NEON.DOC.014040vH","JbCt3ZVS0Z8p+FnZZjYv2ST6kFQlRmlIVPqV7NV33A8=","zPBe+8pzAK3Kf4/L2qJV36CjLL5KpYr+dJur8mfsxKJSqtDZzH3Glg==","",NA
"665c2d4e-7e46-4b4b-b0c3-22c97bbb504d","GUAN_062.phenology.phe","D04","GUAN","GUAN_062","2017-10-24","2017-07-25","NEON.PLA.D04.GUAN.06002","Individual","Partially shaded","Live, insect damaged",15.1,130,7.4,6.8,NA,NA,5.3,NA,"NEON.DOC.014040vH","JbCt3ZVS0Z8p+FnZZjYv2ST6kFQlRmlIVPqV7NV33A8=","zPBe+8pzAK3Kf4/L2qJV36CjLL5KpYr+dJur8mfsxKJSqtDZzH3Glg==","insects feeding of leaves",NA
"f5138b15-7aa9-4b21-bc12-385d93ce6149","GUAN_062.phenology.phe","D04","GUAN","GUAN_062","2017-10-24","2017-07-25","NEON.PLA.D04.GUAN.06010","Individual","Full sun","Live",13.2,130,6,3.2,NA,NA,3.3,NA,"NEON.DOC.014040vH","JbCt3ZVS0Z8p+FnZZjYv2ST6kFQlRmlIVPqV7NV33A8=","zPBe+8pzAK3Kf4/L2qJV36CjLL5KpYr+dJur8mfsxKJSqtDZzH3Glg==","",NA
"7b59df44-cab2-45b4-a48c-d0dd231902a3","GUAN_062.phenology.phe","D04","GUAN","GUAN_062","2017-10-24","2015-06-25","NEON.PLA.D04.GUAN.06001","Individual","Mostly shaded","Live",2,130,1.8,1.5,NA,NA,2.8,NA,"NEON.DOC.014040vH","JbCt3ZVS0Z8p+FnZZjYv2ST6kFQlRmlIVPqV7NV33A8=","zPBe+8pzAK3Kf4/L2qJV36CjLL5KpYr+dJur8mfsxKJSqtDZzH3Glg==","",NA
"db600bc7-8ed7-414e-b53d-8222dd7f5deb","GUAN_062.phenology.phe","D04","GUAN","GUAN_062","2017-10-24","2017-08-09","NEON.PLA.D04.GUAN.06103","Individual","Full sun","Live, physically damaged",8.4,130,3.6,2.4,NA,NA,5.7,NA,"NEON.DOC.014040vH","JbCt3ZVS0Z8p+FnZZjYv2ST6kFQlRmlIVPqV7NV33A8=","zPBe+8pzAK3Kf4/L2qJV36CjLL5KpYr+dJur8mfsxKJSqtDZzH3Glg==","Broken stems and or boles due to hurricane maria",NA
"1e4ef1c4-9f94-40a4-ab06-ddb3cd287cc6","GUAN_062.phenology.phe","D04","GUAN","GUAN_062","2017-10-24","2017-08-09","NEON.PLA.D04.GUAN.06106","Individual","Full sun","Live, physically damaged",22.7,130,5,4.9,NA,NA,5.8,NA,"NEON.DOC.014040vH","JbCt3ZVS0Z8p+FnZZjYv2ST6kFQlRmlIVPqV7NV33A8=","zPBe+8pzAK3Kf4/L2qJV36CjLL5KpYr+dJur8mfsxKJSqtDZzH3Glg==","Broken stems and or boles due to hurricane maria",NA
"7fe913ed-f1bc-4bde-8da1-7cf4085a7352","GUAN_062.phenology.phe","D04","GUAN","GUAN_062","2017-10-24","2015-06-25","NEON.PLA.D04.GUAN.06005","Individual","Mostly shaded","Live",5.8,130,3.3,2.5,NA,NA,3.4,NA,"NEON.DOC.014040vH","JbCt3ZVS0Z8p+FnZZjYv2ST6kFQlRmlIVPqV7NV33A8=","zPBe+8pzAK3Kf4/L2qJV36CjLL5KpYr+dJur8mfsxKJSqtDZzH3Glg==","",NA
"2b2b90fc-9df2-4440-9b5c-43590b0507b5","GUAN_062.phenology.phe","D04","GUAN","GUAN_062","2017-10-24","2017-07-25","NEON.PLA.D04.GUAN.06003","Individual","Partially shaded","Live, insect damaged",10.7,130,4.5,4.4,NA,NA,4.8,NA,"NEON.DOC.014040vH","JbCt3ZVS0Z8p+FnZZjYv2ST6kFQlRmlIVPqV7NV33A8=","zPBe+8pzAK3Kf4/L2qJV36CjLL5KpYr+dJur8mfsxKJSqtDZzH3Glg==","Looks like insects fed of leaves",NA
"399941b4-7016-4cbd-9e9f-22a811d6b20d","GUAN_062.phenology.phe","D04","GUAN","GUAN_062","2017-10-24","2017-08-09","NEON.PLA.D04.GUAN.06101","Individual","Open grown","Live, physically damaged",15.5,130,5.9,5.2,NA,NA,5.3,NA,"NEON.DOC.014040vH","JbCt3ZVS0Z8p+FnZZjYv2ST6kFQlRmlIVPqV7NV33A8=","zPBe+8pzAK3Kf4/L2qJV36CjLL5KpYr+dJur8mfsxKJSqtDZzH3Glg==","Broken stems and or boles due to hurricane maria",NA
"ad466936-8ed2-495a-be6c-3f018eeda03a","GUAN_062.phenology.phe","D04","GUAN","GUAN_062","2017-10-24","2015-06-25","NEON.PLA.D04.GUAN.06009","Individual","Mostly shaded","Live",4.1,130,1.9,1.8,NA,NA,3.4,NA,"NEON.DOC.014040vH","JbCt3ZVS0Z8p+FnZZjYv2ST6kFQlRmlIVPqV7NV33A8=","zPBe+8pzAK3Kf4/L2qJV36CjLL5KpYr+dJur8mfsxKJSqtDZzH3Glg==","",NA
"db6e2a11-e0aa-4107-b0aa-35e80e07616c","GUAN_062.phenology.phe","D04","GUAN","GUAN_062","2017-10-24","2017-08-09","NEON.PLA.D04.GUAN.06104","Individual","Full sun","Live, physically damaged",20.7,130,7.3,3.9,NA,NA,5.2,NA,"NEON.DOC.014040vH","JbCt3ZVS0Z8p+FnZZjYv2ST6kFQlRmlIVPqV7NV33A8=","zPBe+8pzAK3Kf4/L2qJV36CjLL5KpYr+dJur8mfsxKJSqtDZzH3Glg==","Broken stems and or boles due to hurricane maria",NA
"22f7a8b2-2634-4886-a0da-6da065a882a2","GUAN_062.phenology.phe","D04","GUAN","GUAN_062","2017-10-24","2017-07-25","NEON.PLA.D04.GUAN.06007","Individual","Full sun","Live",13.5,130,4,4,NA,NA,3.6,NA,"NEON.DOC.014040vH","JbCt3ZVS0Z8p+FnZZjYv2ST6kFQlRmlIVPqV7NV33A8=","zPBe+8pzAK3Kf4/L2qJV36CjLL5KpYr+dJur8mfsxKJSqtDZzH3Glg==","",NA
"60616792-e850-4d03-b246-3b258ceca33d","GUAN_062.phenology.phe","D04","GUAN","GUAN_062","2017-10-24","2015-06-25","NEON.PLA.D04.GUAN.06004","Individual","Partially shaded","Live, insect damaged",5.8,60,2,1.6,NA,NA,4.5,NA,"NEON.DOC.014040vH","JbCt3ZVS0Z8p+FnZZjYv2ST6kFQlRmlIVPqV7NV33A8=","zPBe+8pzAK3Kf4/L2qJV36CjLL5KpYr+dJur8mfsxKJSqtDZzH3Glg==","Looks like insects fed of leaves",NA
"f5db5481-b0e6-408a-b8b1-2b28ddc8b2e7","GUAN_062.phenology.phe","D04","GUAN","GUAN_062","2017-10-24","2017-08-09","NEON.PLA.D04.GUAN.06105","Individual","Mostly shaded","Live, physically damaged",13.2,110,8.3,5.1,NA,NA,5,NA,"NEON.DOC.014040vH","JbCt3ZVS0Z8p+FnZZjYv2ST6kFQlRmlIVPqV7NV33A8=","zPBe+8pzAK3Kf4/L2qJV36CjLL5KpYr+dJur8mfsxKJSqtDZzH3Glg==","Broken stems and or boles due to hurricane maria",NA
"6de927a0-913c-4087-be64-717bb1ad834d","GUAN_062.phenology.phe","D04","GUAN","GUAN_062","2017-10-24","2017-08-09","NEON.PLA.D04.GUAN.06102","Individual","Full sun","Live, physically damaged",20,130,4.6,4.4,NA,NA,6.2,NA,"NEON.DOC.014040vH","JbCt3ZVS0Z8p+FnZZjYv2ST6kFQlRmlIVPqV7NV33A8=","zPBe+8pzAK3Kf4/L2qJV36CjLL5KpYr+dJur8mfsxKJSqtDZzH3Glg==","Broken stems and or boles due to hurricane maria",NA
"bdc753ce-47f9-45ec-90ab-e0e3797b2ff3","GUAN_062.phenology.phe","D04","GUAN","GUAN_062","2017-10-24","2017-08-10","NEON.PLA.D04.GUAN.06170","Individual","Full sun","Live",18.5,130,10.1,5.1,NA,NA,5.4,NA,"NEON.DOC.014040vH","JbCt3ZVS0Z8p+FnZZjYv2ST6kFQlRmlIVPqV7NV33A8=","zPBe+8pzAK3Kf4/L2qJV36CjLL5KpYr+dJur8mfsxKJSqtDZzH3Glg==","",NA
"e4e0f7e4-8d85-4565-af60-9b96c519b0fd","GUAN_062.phenology.phe","D04","GUAN","GUAN_062","2017-10-24","2017-08-09","NEON.PLA.D04.GUAN.06158","Individual","Open grown","Live, physically damaged",16.6,130,4,2.9,NA,NA,3,NA,"NEON.DOC.014040vH","JbCt3ZVS0Z8p+FnZZjYv2ST6kFQlRmlIVPqV7NV33A8=","zPBe+8pzAK3Kf4/L2qJV36CjLL5KpYr+dJur8mfsxKJSqtDZzH3Glg==","Broken stems and or boles due to hurricane maria",NA
"e432110b-de54-453a-a50a-b54ec608ba04","GUAN_062.phenology.phe","D04","GUAN","GUAN_062","2017-10-24","2017-08-10","NEON.PLA.D04.GUAN.06179","Individual","Full sun","Live",9.1,130,2.7,2.1,NA,NA,3.1,NA,"NEON.DOC.014040vH","JbCt3ZVS0Z8p+FnZZjYv2ST6kFQlRmlIVPqV7NV33A8=","zPBe+8pzAK3Kf4/L2qJV36CjLL5KpYr+dJur8mfsxKJSqtDZzH3Glg==","",NA
"1e79c88c-e5a8-4759-90eb-4ef8dc587e52","GUAN_062.phenology.phe","D04","GUAN","GUAN_062","2017-10-24","2017-08-09","NEON.PLA.D04.GUAN.06165","Individual","Partially shaded","Live",3,120,1.7,1.5,NA,NA,2,NA,"NEON.DOC.014040vH","JbCt3ZVS0Z8p+FnZZjYv2ST6kFQlRmlIVPqV7NV33A8=","zPBe+8pzAK3Kf4/L2qJV36CjLL5KpYr+dJur8mfsxKJSqtDZzH3Glg==","",NA
"4c69f664-ba05-449d-acfc-32445f15b0df","GUAN_062.phenology.phe","D04","GUAN","GUAN_062","2017-10-24","2017-08-09","NEON.PLA.D04.GUAN.06166","Individual","Partially shaded","Live",2.8,130,1.2,1.1,NA,NA,2.2,NA,"NEON.DOC.014040vH","JbCt3ZVS0Z8p+FnZZjYv2ST6kFQlRmlIVPqV7NV33A8=","zPBe+8pzAK3Kf4/L2qJV36CjLL5KpYr+dJur8mfsxKJSqtDZzH3Glg==","",NA
"606d0a20-d100-48e9-a494-74c3f7ef0abb","GUAN_062.phenology.phe","D04","GUAN","GUAN_062","2017-10-24","2017-08-09","NEON.PLA.D04.GUAN.06159","Individual","Full sun","Live, physically damaged",18.1,130,5,4,NA,NA,5.4,NA,"NEON.DOC.014040vH","JbCt3ZVS0Z8p+FnZZjYv2ST6kFQlRmlIVPqV7NV33A8=","zPBe+8pzAK3Kf4/L2qJV36CjLL5KpYr+dJur8mfsxKJSqtDZzH3Glg==","Broken stems and or boles due to hurricane maria",NA
"9dbe6ae4-a7a0-4ce5-be16-47e74b8c98dd","GUAN_062.phenology.phe","D04","GUAN","GUAN_062","2017-10-24","2017-08-10","NEON.PLA.D04.GUAN.06177","Individual","Mostly shaded","Live",2.7,130,1.6,1.5,NA,NA,2.4,NA,"NEON.DOC.014040vH","JbCt3ZVS0Z8p+FnZZjYv2ST6kFQlRmlIVPqV7NV33A8=","zPBe+8pzAK3Kf4/L2qJV36CjLL5KpYr+dJur8mfsxKJSqtDZzH3Glg==","",NA
"59d597dd-1630-4f32-aa69-fcfec98ed375","GUAN_062.phenology.phe","D04","GUAN","GUAN_062","2017-10-24","2017-08-09","NEON.PLA.D04.GUAN.06157","Individual","Open grown","Live",12.8,130,4.1,2,NA,NA,3.4,NA,"NEON.DOC.014040vH","JbCt3ZVS0Z8p+FnZZjYv2ST6kFQlRmlIVPqV7NV33A8=","zPBe+8pzAK3Kf4/L2qJV36CjLL5KpYr+dJur8mfsxKJSqtDZzH3Glg==","",NA
"909dc5d7-a573-44e0-9d23-8e63007f108b","GUAN_062.phenology.phe","D04","GUAN","GUAN_062","2017-10-24","2017-08-10","NEON.PLA.D04.GUAN.06169","Individual","Open grown","Live",10.2,130,6.8,4,NA,NA,4.5,NA,"NEON.DOC.014040vH","JbCt3ZVS0Z8p+FnZZjYv2ST6kFQlRmlIVPqV7NV33A8=","zPBe+8pzAK3Kf4/L2qJV36CjLL5KpYr+dJur8mfsxKJSqtDZzH3Glg==","",NA
"d2f8f199-2085-4c29-9ae7-615233d514ac","GUAN_062.phenology.phe","D04","GUAN","GUAN_062","2017-10-24","2017-08-10","NEON.PLA.D04.GUAN.06178","Individual","Full sun","Live",12.8,130,3.5,3.1,NA,NA,3.3,NA,"NEON.DOC.014040vH","JbCt3ZVS0Z8p+FnZZjYv2ST6kFQlRmlIVPqV7NV33A8=","zPBe+8pzAK3Kf4/L2qJV36CjLL5KpYr+dJur8mfsxKJSqtDZzH3Glg==","",NA
"4daec961-a51f-45d7-b68f-591720fd0b4e","GUAN_062.phenology.phe","D04","GUAN","GUAN_062","2017-10-24","2017-08-09","NEON.PLA.D04.GUAN.06160","Individual","Mostly shaded","Live",4,130,2.3,2,NA,NA,2.5,NA,"NEON.DOC.014040vH","JbCt3ZVS0Z8p+FnZZjYv2ST6kFQlRmlIVPqV7NV33A8=","zPBe+8pzAK3Kf4/L2qJV36CjLL5KpYr+dJur8mfsxKJSqtDZzH3Glg==","",NA
"97353522-b6e2-4d41-81e4-e994dfd649ab","GUAN_062.phenology.phe","D04","GUAN","GUAN_062","2017-10-24","2017-08-10","NEON.PLA.D04.GUAN.06175","Individual","Full sun","Live",13.1,120,6,2.3,NA,NA,4.4,NA,"NEON.DOC.014040vH","JbCt3ZVS0Z8p+FnZZjYv2ST6kFQlRmlIVPqV7NV33A8=","zPBe+8pzAK3Kf4/L2qJV36CjLL5KpYr+dJur8mfsxKJSqtDZzH3Glg==","",NA
"3253fdcd-2ee4-48ca-a0d3-b5602c6a4548","GUAN_062.phenology.phe","D04","GUAN","GUAN_062","2017-10-24","2017-08-09","NEON.PLA.D04.GUAN.06161","Individual","Full shade","Live",4.5,130,2.8,2.4,NA,NA,2.4,NA,"NEON.DOC.014040vH","JbCt3ZVS0Z8p+FnZZjYv2ST6kFQlRmlIVPqV7NV33A8=","zPBe+8pzAK3Kf4/L2qJV36CjLL5KpYr+dJur8mfsxKJSqtDZzH3Glg==","",NA
"6118fdcf-beed-4015-aa6e-757b9f73843f","GUAN_062.phenology.phe","D04","GUAN","GUAN_062","2017-10-24","2017-08-10","NEON.PLA.D04.GUAN.06168","Individual","Open grown","Live",15.5,130,6,5,NA,NA,4.5,NA,"NEON.DOC.014040vH","JbCt3ZVS0Z8p+FnZZjYv2ST6kFQlRmlIVPqV7NV33A8=","zPBe+8pzAK3Kf4/L2qJV36CjLL5KpYr+dJur8mfsxKJSqtDZzH3Glg==","",NA
"dcee3020-0441-465e-9a1c-2e87d131c42e","GUAN_062.phenology.phe","D04","GUAN","GUAN_062","2017-10-24","2017-08-09","NEON.PLA.D04.GUAN.06167","Individual","Full sun","Live",3.1,130,1.3,1.1,NA,NA,3.5,NA,"NEON.DOC.014040vH","JbCt3ZVS0Z8p+FnZZjYv2ST6kFQlRmlIVPqV7NV33A8=","zPBe+8pzAK3Kf4/L2qJV36CjLL5KpYr+dJur8mfsxKJSqtDZzH3Glg==","",NA
"35ba0459-931a-4e66-a681-4bad8409e2af","GUAN_062.phenology.phe","D04","GUAN","GUAN_062","2017-10-24","2017-08-09","NEON.PLA.D04.GUAN.06164","Individual","Full sun","Live",4.7,130,2.3,2,NA,NA,3.7,NA,"NEON.DOC.014040vH","JbCt3ZVS0Z8p+FnZZjYv2ST6kFQlRmlIVPqV7NV33A8=","zPBe+8pzAK3Kf4/L2qJV36CjLL5KpYr+dJur8mfsxKJSqtDZzH3Glg==","",NA
"080f9c66-4d21-4172-86cc-9f355042fa26","GUAN_062.phenology.phe","D04","GUAN","GUAN_062","2017-10-24","2017-08-10","NEON.PLA.D04.GUAN.06173","Individual","Mostly shaded","Live",22.9,130,11,8,NA,NA,5.2,NA,"NEON.DOC.014040vH","JbCt3ZVS0Z8p+FnZZjYv2ST6kFQlRmlIVPqV7NV33A8=","zPBe+8pzAK3Kf4/L2qJV36CjLL5KpYr+dJur8mfsxKJSqtDZzH3Glg==","",NA
"276affad-4e27-4f0e-9953-d918ddfc25ae","GUAN_062.phenology.phe","D04","GUAN","GUAN_062","2017-10-24","2017-08-09","NEON.PLA.D04.GUAN.06162","Individual","Full sun","Live",3.1,130,1.9,1.1,NA,NA,4.1,NA,"NEON.DOC.014040vH","JbCt3ZVS0Z8p+FnZZjYv2ST6kFQlRmlIVPqV7NV33A8=","zPBe+8pzAK3Kf4/L2qJV36CjLL5KpYr+dJur8mfsxKJSqtDZzH3Glg==","",NA
"33340af0-f3de-4f6d-ab88-eacbdefd6dc8","GUAN_062.phenology.phe","D04","GUAN","GUAN_062","2017-10-24","2017-08-10","NEON.PLA.D04.GUAN.06171","Individual","Partially shaded","Live",5.2,140,1.8,1.5,NA,NA,2,NA,"NEON.DOC.014040vH","JbCt3ZVS0Z8p+FnZZjYv2ST6kFQlRmlIVPqV7NV33A8=","zPBe+8pzAK3Kf4/L2qJV36CjLL5KpYr+dJur8mfsxKJSqtDZzH3Glg==","",NA
"66c57538-0223-4f35-a746-a2e88993a64d","GUAN_062.phenology.phe","D04","GUAN","GUAN_062","2017-10-24","2017-08-10","NEON.PLA.D04.GUAN.06176","Individual","Open grown","Live",18.5,130,6.6,5.3,NA,NA,5.3,NA,"NEON.DOC.014040vH","JbCt3ZVS0Z8p+FnZZjYv2ST6kFQlRmlIVPqV7NV33A8=","zPBe+8pzAK3Kf4/L2qJV36CjLL5KpYr+dJur8mfsxKJSqtDZzH3Glg==","",NA
"73870f8e-5e0f-4c5f-b149-4a0e3997399d","GUAN_062.phenology.phe","D04","GUAN","GUAN_062","2017-10-24","2017-08-09","NEON.PLA.D04.GUAN.06163","Individual","Full sun","Live",18.5,130,6,5.5,NA,NA,5.4,NA,"NEON.DOC.014040vH","JbCt3ZVS0Z8p+FnZZjYv2ST6kFQlRmlIVPqV7NV33A8=","zPBe+8pzAK3Kf4/L2qJV36CjLL5KpYr+dJur8mfsxKJSqtDZzH3Glg==","",NA
"eb0a4205-429b-482b-a1dc-5dd8025ab226","GUAN_062.phenology.phe","D04","GUAN","GUAN_062","2017-10-24","2017-08-10","NEON.PLA.D04.GUAN.06174","Individual","Mostly shaded","Live",3,130,1.9,1.2,NA,NA,3.6,NA,"NEON.DOC.014040vH","JbCt3ZVS0Z8p+FnZZjYv2ST6kFQlRmlIVPqV7NV33A8=","zPBe+8pzAK3Kf4/L2qJV36CjLL5KpYr+dJur8mfsxKJSqtDZzH3Glg==","",NA
"acbf571c-de2f-45a2-9181-4f573ca3e19c","GUAN_062.phenology.phe","D04","GUAN","GUAN_062","2017-10-24","2017-08-10","NEON.PLA.D04.GUAN.06172","Individual","Open grown","Live",16.9,130,3.8,2,NA,NA,5.4,NA,"NEON.DOC.014040vH","JbCt3ZVS0Z8p+FnZZjYv2ST6kFQlRmlIVPqV7NV33A8=","zPBe+8pzAK3Kf4/L2qJV36CjLL5KpYr+dJur8mfsxKJSqtDZzH3Glg==","",NA
"d4f74be2-7c8b-45a2-86e6-d3e00a1a0702","GUAN_062.phenology.phe","D04","GUAN","GUAN_062","2017-10-24","2017-08-09","NEON.PLA.D04.GUAN.06142","Individual","Open grown","Live",16.8,130,4,3.6,NA,NA,6.4,NA,"NEON.DOC.014040vH","JbCt3ZVS0Z8p+FnZZjYv2ST6kFQlRmlIVPqV7NV33A8=","zPBe+8pzAK3Kf4/L2qJV36CjLL5KpYr+dJur8mfsxKJSqtDZzH3Glg==","",NA
"fa362e58-f125-4341-88e4-7de2742474de","GUAN_062.phenology.phe","D04","GUAN","GUAN_062","2017-10-24","2017-08-09","NEON.PLA.D04.GUAN.06113","Individual","Open grown","Live",14.4,130,5,4.5,NA,NA,6.2,NA,"NEON.DOC.014040vH","JbCt3ZVS0Z8p+FnZZjYv2ST6kFQlRmlIVPqV7NV33A8=","zPBe+8pzAK3Kf4/L2qJV36CjLL5KpYr+dJur8mfsxKJSqtDZzH3Glg==","",NA
"df4484bb-8299-44f0-9cb5-282971a8c46a","GUAN_062.phenology.phe","D04","GUAN","GUAN_062","2017-10-24","2017-08-09","NEON.PLA.D04.GUAN.06148","Individual","Full shade","Live",1.2,130,1,0.6,NA,NA,2.2,NA,"NEON.DOC.014040vH","JbCt3ZVS0Z8p+FnZZjYv2ST6kFQlRmlIVPqV7NV33A8=","zPBe+8pzAK3Kf4/L2qJV36CjLL5KpYr+dJur8mfsxKJSqtDZzH3Glg==","",NA
"451a9c54-e369-489d-97a8-2326a4c09fd0","GUAN_062.phenology.phe","D04","GUAN","GUAN_062","2017-10-24","2017-08-09","NEON.PLA.D04.GUAN.06119","Individual","Mostly shaded","Live",13,130,4.3,4.2,NA,NA,3,NA,"NEON.DOC.014040vH","JbCt3ZVS0Z8p+FnZZjYv2ST6kFQlRmlIVPqV7NV33A8=","zPBe+8pzAK3Kf4/L2qJV36CjLL5KpYr+dJur8mfsxKJSqtDZzH3Glg==","",NA
"8ec5396b-1b1f-4f81-be5f-1662a5aa859f","GUAN_062.phenology.phe","D04","GUAN","GUAN_062","2017-10-24","2017-08-09","NEON.PLA.D04.GUAN.06145","Individual","Open grown","Live",16.9,140,4,3.2,NA,NA,5.5,NA,"NEON.DOC.014040vH","JbCt3ZVS0Z8p+FnZZjYv2ST6kFQlRmlIVPqV7NV33A8=","zPBe+8pzAK3Kf4/L2qJV36CjLL5KpYr+dJur8mfsxKJSqtDZzH3Glg==","",NA
"dafda01c-9d64-4506-b55d-87e0a4144e20","GUAN_062.phenology.phe","D04","GUAN","GUAN_062","2017-10-24","2017-08-09","NEON.PLA.D04.GUAN.06152","Individual","Full sun","Live",13.5,130,2.9,2,NA,NA,5.6,NA,"NEON.DOC.014040vH","JbCt3ZVS0Z8p+FnZZjYv2ST6kFQlRmlIVPqV7NV33A8=","zPBe+8pzAK3Kf4/L2qJV36CjLL5KpYr+dJur8mfsxKJSqtDZzH3Glg==","",NA
"021d07d2-862d-4413-b686-89f25bb98ca0","GUAN_062.phenology.phe","D04","GUAN","GUAN_062","2017-10-24","2017-08-09","NEON.PLA.D04.GUAN.06131","Individual","Open grown","Live, physically damaged",12.4,130,NA,NA,NA,NA,3,NA,"NEON.DOC.014040vH","JbCt3ZVS0Z8p+FnZZjYv2ST6kFQlRmlIVPqV7NV33A8=","zPBe+8pzAK3Kf4/L2qJV36CjLL5KpYr+dJur8mfsxKJSqtDZzH3Glg==","No max or ninety,, main bole broken due to hurricane maria",NA
"7ab4bfd2-5058-4e0d-9ead-7a57e4387629","GUAN_062.phenology.phe","D04","GUAN","GUAN_062","2017-10-24","2017-08-09","NEON.PLA.D04.GUAN.06147","Individual","Full sun","Live",13.3,140,6.9,6,NA,NA,4.2,NA,"NEON.DOC.014040vH","JbCt3ZVS0Z8p+FnZZjYv2ST6kFQlRmlIVPqV7NV33A8=","zPBe+8pzAK3Kf4/L2qJV36CjLL5KpYr+dJur8mfsxKJSqtDZzH3Glg==","",NA
"4ff81fc4-4825-4645-9f0c-ac8a502ca58a","GUAN_062.phenology.phe","D04","GUAN","GUAN_062","2017-10-24","2017-08-09","NEON.PLA.D04.GUAN.06125","Individual","Partially shaded","Live",10.8,130,2.5,2,NA,NA,6.6,NA,"NEON.DOC.014040vH","JbCt3ZVS0Z8p+FnZZjYv2ST6kFQlRmlIVPqV7NV33A8=","zPBe+8pzAK3Kf4/L2qJV36CjLL5KpYr+dJur8mfsxKJSqtDZzH3Glg==","",NA
"4a6e688c-69d0-4463-959b-90b327375290","GUAN_062.phenology.phe","D04","GUAN","GUAN_062","2017-10-24","2017-08-09","NEON.PLA.D04.GUAN.06144","Individual","Full sun","Live",2.1,130,1.1,1,NA,NA,3.3,NA,"NEON.DOC.014040vH","JbCt3ZVS0Z8p+FnZZjYv2ST6kFQlRmlIVPqV7NV33A8=","zPBe+8pzAK3Kf4/L2qJV36CjLL5KpYr+dJur8mfsxKJSqtDZzH3Glg==","",NA
"c195f4e9-2f94-45a9-bf33-439fbf8c25de","GUAN_062.phenology.phe","D04","GUAN","GUAN_062","2017-10-24","2017-08-09","NEON.PLA.D04.GUAN.06107","Individual","Partially shaded","Live, physically damaged",12.3,130,4.3,3.7,NA,NA,5.2,NA,"NEON.DOC.014040vH","JbCt3ZVS0Z8p+FnZZjYv2ST6kFQlRmlIVPqV7NV33A8=","zPBe+8pzAK3Kf4/L2qJV36CjLL5KpYr+dJur8mfsxKJSqtDZzH3Glg==","Broken stems and or boles due to hurricane maria",NA
"286eb925-86e6-42a6-adda-83629355ca3d","GUAN_062.phenology.phe","D04","GUAN","GUAN_062","2017-10-24","2017-08-09","NEON.PLA.D04.GUAN.06128","Individual","Mostly shaded","Live",3.5,140,2,1.4,NA,NA,3.7,NA,"NEON.DOC.014040vH","JbCt3ZVS0Z8p+FnZZjYv2ST6kFQlRmlIVPqV7NV33A8=","zPBe+8pzAK3Kf4/L2qJV36CjLL5KpYr+dJur8mfsxKJSqtDZzH3Glg==","",NA
"d3723986-388d-4b5b-a881-6ddf2d42a220","GUAN_062.phenology.phe","D04","GUAN","GUAN_062","2017-10-24","2017-08-09","NEON.PLA.D04.GUAN.06156","Individual","Open grown","Live",10,130,1.8,1.7,NA,NA,3.4,NA,"NEON.DOC.014040vH","JbCt3ZVS0Z8p+FnZZjYv2ST6kFQlRmlIVPqV7NV33A8=","zPBe+8pzAK3Kf4/L2qJV36CjLL5KpYr+dJur8mfsxKJSqtDZzH3Glg==","",NA
"66022f04-7972-461d-ba01-cbc391866aae","GUAN_062.phenology.phe","D04","GUAN","GUAN_062","2017-10-24","2017-08-09","NEON.PLA.D04.GUAN.06118","Individual","Full shade","Live",2,130,1.5,1.4,NA,NA,3,NA,"NEON.DOC.014040vH","JbCt3ZVS0Z8p+FnZZjYv2ST6kFQlRmlIVPqV7NV33A8=","zPBe+8pzAK3Kf4/L2qJV36CjLL5KpYr+dJur8mfsxKJSqtDZzH3Glg==","",NA
"a860ae52-59f4-40df-a012-5c877ecbcfe0","GUAN_062.phenology.phe","D04","GUAN","GUAN_062","2017-10-24","2017-08-09","NEON.PLA.D04.GUAN.06126","Individual","Mostly shaded","Live",10.7,130,4.9,1.7,NA,NA,4.4,NA,"NEON.DOC.014040vH","JbCt3ZVS0Z8p+FnZZjYv2ST6kFQlRmlIVPqV7NV33A8=","zPBe+8pzAK3Kf4/L2qJV36CjLL5KpYr+dJur8mfsxKJSqtDZzH3Glg==","",NA
"2c5c4d16-bd0b-4150-aea0-43376975042e","GUAN_062.phenology.phe","D04","GUAN","GUAN_062","2017-10-24","2017-08-09","NEON.PLA.D04.GUAN.06110","Individual","Partially shaded","Live, insect damaged",10.4,130,5.4,5,NA,NA,4.9,NA,"NEON.DOC.014040vH","JbCt3ZVS0Z8p+FnZZjYv2ST6kFQlRmlIVPqV7NV33A8=","zPBe+8pzAK3Kf4/L2qJV36CjLL5KpYr+dJur8mfsxKJSqtDZzH3Glg==","Looks like insects fed of leaves",NA
"6dc8a248-a8fa-4220-8c5a-345c9a7f113e","GUAN_062.phenology.phe","D04","GUAN","GUAN_062","2017-10-24","2017-08-09","NEON.PLA.D04.GUAN.06108","Individual","Full shade","Live",1.5,130,1.4,1.3,NA,NA,2.5,NA,"NEON.DOC.014040vH","JbCt3ZVS0Z8p+FnZZjYv2ST6kFQlRmlIVPqV7NV33A8=","zPBe+8pzAK3Kf4/L2qJV36CjLL5KpYr+dJur8mfsxKJSqtDZzH3Glg==","",NA
"cd895daf-71d8-4650-b9b8-8f4dd576c0aa","GUAN_062.phenology.phe","D04","GUAN","GUAN_062","2017-10-24","2017-08-09","NEON.PLA.D04.GUAN.06127","Individual","Mostly shaded","Live",3.4,140,2.5,2.2,NA,NA,3.4,NA,"NEON.DOC.014040vH","JbCt3ZVS0Z8p+FnZZjYv2ST6kFQlRmlIVPqV7NV33A8=","zPBe+8pzAK3Kf4/L2qJV36CjLL5KpYr+dJur8mfsxKJSqtDZzH3Glg==","",NA
"a52196f9-3edf-4278-8dfb-805878b9c5cf","GUAN_062.phenology.phe","D04","GUAN","GUAN_062","2017-10-24","2017-08-09","NEON.PLA.D04.GUAN.06150","Individual","Open grown","Live, physically damaged",16.8,130,5,4.7,NA,NA,5.6,NA,"NEON.DOC.014040vH","JbCt3ZVS0Z8p+FnZZjYv2ST6kFQlRmlIVPqV7NV33A8=","zPBe+8pzAK3Kf4/L2qJV36CjLL5KpYr+dJur8mfsxKJSqtDZzH3Glg==","Broken stems and or boles due to hurricane maria",NA
"4c898dd7-1b2d-455b-b3ce-f108a07060bc","GUAN_062.phenology.phe","D04","GUAN","GUAN_062","2017-10-24","2017-08-09","NEON.PLA.D04.GUAN.06111","Individual","Partially shaded","Live",16.2,130,7.7,6.6,NA,NA,3.8,NA,"NEON.DOC.014040vH","JbCt3ZVS0Z8p+FnZZjYv2ST6kFQlRmlIVPqV7NV33A8=","zPBe+8pzAK3Kf4/L2qJV36CjLL5KpYr+dJur8mfsxKJSqtDZzH3Glg==","",NA
"6f1fca9a-cbd6-4fca-90fa-82b257e2afef","GUAN_062.phenology.phe","D04","GUAN","GUAN_062","2017-10-24","2017-08-09","NEON.PLA.D04.GUAN.06115","Individual","Full shade","Live",2.8,130,1.5,1.3,NA,NA,3.8,NA,"NEON.DOC.014040vH","JbCt3ZVS0Z8p+FnZZjYv2ST6kFQlRmlIVPqV7NV33A8=","zPBe+8pzAK3Kf4/L2qJV36CjLL5KpYr+dJur8mfsxKJSqtDZzH3Glg==","",NA
"51b902f0-c892-4fae-a9d0-445d72969538","GUAN_062.phenology.phe","D04","GUAN","GUAN_062","2017-10-24","2017-08-09","NEON.PLA.D04.GUAN.06137","Individual","Open grown","Live",36.9,130,5.9,5.2,NA,NA,4.3,NA,"NEON.DOC.014040vH","JbCt3ZVS0Z8p+FnZZjYv2ST6kFQlRmlIVPqV7NV33A8=","zPBe+8pzAK3Kf4/L2qJV36CjLL5KpYr+dJur8mfsxKJSqtDZzH3Glg==","",NA
"5a7ac7fc-c914-457a-ace7-29696480b3a2","GUAN_062.phenology.phe","D04","GUAN","GUAN_062","2017-10-24","2017-08-09","NEON.PLA.D04.GUAN.06149","Individual","Open grown","Live, physically damaged",16.3,130,6,3,NA,NA,7.3,NA,"NEON.DOC.014040vH","JbCt3ZVS0Z8p+FnZZjYv2ST6kFQlRmlIVPqV7NV33A8=","zPBe+8pzAK3Kf4/L2qJV36CjLL5KpYr+dJur8mfsxKJSqtDZzH3Glg==","Broken stems and or boles due to hurricane maria",NA
"009f0d3f-fba7-419c-8344-77e7b6a18190","GUAN_062.phenology.phe","D04","GUAN","GUAN_062","2017-10-24","2017-08-09","NEON.PLA.D04.GUAN.06133","Individual","Full sun","Live",2.3,130,1.6,1.1,NA,NA,3.5,NA,"NEON.DOC.014040vH","JbCt3ZVS0Z8p+FnZZjYv2ST6kFQlRmlIVPqV7NV33A8=","zPBe+8pzAK3Kf4/L2qJV36CjLL5KpYr+dJur8mfsxKJSqtDZzH3Glg==","",NA
"ae85089d-621b-4481-9a4d-031189df59f3","GUAN_062.phenology.phe","D04","GUAN","GUAN_062","2017-10-24","2017-08-09","NEON.PLA.D04.GUAN.06120","Individual","Full sun","Live",15.8,130,5.6,5.2,NA,NA,6.5,NA,"NEON.DOC.014040vH","JbCt3ZVS0Z8p+FnZZjYv2ST6kFQlRmlIVPqV7NV33A8=","zPBe+8pzAK3Kf4/L2qJV36CjLL5KpYr+dJur8mfsxKJSqtDZzH3Glg==","",NA
"6f0335ee-e03b-4538-8b84-febe28421bdc","GUAN_062.phenology.phe","D04","GUAN","GUAN_062","2017-10-24","2017-08-09","NEON.PLA.D04.GUAN.06129","Individual","Full sun","Live, physically damaged",21.7,130,5.7,2.6,NA,NA,7.8,NA,"NEON.DOC.014040vH","JbCt3ZVS0Z8p+FnZZjYv2ST6kFQlRmlIVPqV7NV33A8=","zPBe+8pzAK3Kf4/L2qJV36CjLL5KpYr+dJur8mfsxKJSqtDZzH3Glg==","Broken stems and or boles due to hurricane maria",NA
"b7f04dfb-894f-418f-92ff-c9ff78de6490","GUAN_062.phenology.phe","D04","GUAN","GUAN_062","2017-10-24","2017-08-09","NEON.PLA.D04.GUAN.06132","Individual","Full sun","Live, physically damaged",9.4,130,1.7,1.5,NA,NA,5,NA,"NEON.DOC.014040vH","JbCt3ZVS0Z8p+FnZZjYv2ST6kFQlRmlIVPqV7NV33A8=","zPBe+8pzAK3Kf4/L2qJV36CjLL5KpYr+dJur8mfsxKJSqtDZzH3Glg==","",NA
"0f5c827e-35f9-420b-b714-679de47b2599","GUAN_062.phenology.phe","D04","GUAN","GUAN_062","2017-10-24","2017-08-09","NEON.PLA.D04.GUAN.06124","Individual","Mostly shaded","Live",2.6,130,2,1.5,NA,NA,3.3,NA,"NEON.DOC.014040vH","JbCt3ZVS0Z8p+FnZZjYv2ST6kFQlRmlIVPqV7NV33A8=","zPBe+8pzAK3Kf4/L2qJV36CjLL5KpYr+dJur8mfsxKJSqtDZzH3Glg==","",NA
"d3d3492b-2a06-43ed-9668-e238e78536b2","GUAN_062.phenology.phe","D04","GUAN","GUAN_062","2017-10-24","2017-08-09","NEON.PLA.D04.GUAN.06135","Individual","Full sun","Live",2.1,130,1.5,1.2,NA,NA,2.9,NA,"NEON.DOC.014040vH","JbCt3ZVS0Z8p+FnZZjYv2ST6kFQlRmlIVPqV7NV33A8=","zPBe+8pzAK3Kf4/L2qJV36CjLL5KpYr+dJur8mfsxKJSqtDZzH3Glg==","",NA
"5521f6c4-359f-4e27-9239-278869e4ea2d","GUAN_062.phenology.phe","D04","GUAN","GUAN_062","2017-10-24","2017-08-09","NEON.PLA.D04.GUAN.06138","Individual","Open grown","Live",4.9,130,2.5,2,NA,NA,3.4,NA,"NEON.DOC.014040vH","JbCt3ZVS0Z8p+FnZZjYv2ST6kFQlRmlIVPqV7NV33A8=","zPBe+8pzAK3Kf4/L2qJV36CjLL5KpYr+dJur8mfsxKJSqtDZzH3Glg==","",NA
"5fd88f6f-ef20-4acb-8b62-65633fc16876","GUAN_062.phenology.phe","D04","GUAN","GUAN_062","2017-10-24","2017-08-09","NEON.PLA.D04.GUAN.06154","Individual","Open grown","Live, physically damaged",36.5,130,9,7.1,NA,NA,5.1,NA,"NEON.DOC.014040vH","JbCt3ZVS0Z8p+FnZZjYv2ST6kFQlRmlIVPqV7NV33A8=","zPBe+8pzAK3Kf4/L2qJV36CjLL5KpYr+dJur8mfsxKJSqtDZzH3Glg==","Broken stems and or boles due to hurricane maria",NA
"55a59a2f-95fa-48b6-9906-9390d1d38b6b","GUAN_062.phenology.phe","D04","GUAN","GUAN_062","2017-10-24","2017-08-09","NEON.PLA.D04.GUAN.06140","Individual","Open grown","Live",15.2,130,4.5,3.7,NA,NA,4.6,NA,"NEON.DOC.014040vH","JbCt3ZVS0Z8p+FnZZjYv2ST6kFQlRmlIVPqV7NV33A8=","zPBe+8pzAK3Kf4/L2qJV36CjLL5KpYr+dJur8mfsxKJSqtDZzH3Glg==","",NA
"19ef17c9-ac84-48b4-b68d-43ada611abdd","GUAN_062.phenology.phe","D04","GUAN","GUAN_062","2017-10-24","2017-08-09","NEON.PLA.D04.GUAN.06123","Individual","Partially shaded","Live, physically damaged",15.5,130,4.5,2.8,NA,NA,6.1,NA,"NEON.DOC.014040vH","JbCt3ZVS0Z8p+FnZZjYv2ST6kFQlRmlIVPqV7NV33A8=","zPBe+8pzAK3Kf4/L2qJV36CjLL5KpYr+dJur8mfsxKJSqtDZzH3Glg==","Broken stems and or boles due to hurricane maria",NA
"d5c09ca2-b117-461a-8e82-9100bb5bedb4","GUAN_062.phenology.phe","D04","GUAN","GUAN_062","2017-10-24","2017-08-09","NEON.PLA.D04.GUAN.06146","Individual","Full sun","Live",7.5,130,4,2.8,NA,NA,3.5,NA,"NEON.DOC.014040vH","JbCt3ZVS0Z8p+FnZZjYv2ST6kFQlRmlIVPqV7NV33A8=","zPBe+8pzAK3Kf4/L2qJV36CjLL5KpYr+dJur8mfsxKJSqtDZzH3Glg==","",NA
"e361db71-8b88-400d-a280-8fcb34c78ae1","GUAN_062.phenology.phe","D04","GUAN","GUAN_062","2017-10-24","2017-08-09","NEON.PLA.D04.GUAN.06109","Individual","Partially shaded","Live, insect damaged",10.8,130,2.8,2.8,NA,NA,4.7,NA,"NEON.DOC.014040vH","JbCt3ZVS0Z8p+FnZZjYv2ST6kFQlRmlIVPqV7NV33A8=","zPBe+8pzAK3Kf4/L2qJV36CjLL5KpYr+dJur8mfsxKJSqtDZzH3Glg==","Looks like insects fed of leaves",NA
"cfed94b8-b112-4094-8b0e-6de9889248c5","GUAN_062.phenology.phe","D04","GUAN","GUAN_062","2017-10-24","2017-08-09","NEON.PLA.D04.GUAN.06141","Individual","Open grown","Live",2.4,130,1.3,0.4,NA,NA,3.5,NA,"NEON.DOC.014040vH","JbCt3ZVS0Z8p+FnZZjYv2ST6kFQlRmlIVPqV7NV33A8=","zPBe+8pzAK3Kf4/L2qJV36CjLL5KpYr+dJur8mfsxKJSqtDZzH3Glg==","",NA
"da6be17b-9d79-4e1f-bf63-5656ba8f157f","GUAN_062.phenology.phe","D04","GUAN","GUAN_062","2017-10-24","2017-08-09","NEON.PLA.D04.GUAN.06134","Individual","Open grown","Live",7.2,130,2,1.8,NA,NA,4.1,NA,"NEON.DOC.014040vH","JbCt3ZVS0Z8p+FnZZjYv2ST6kFQlRmlIVPqV7NV33A8=","zPBe+8pzAK3Kf4/L2qJV36CjLL5KpYr+dJur8mfsxKJSqtDZzH3Glg==","",NA
"0a54a707-5e12-4d07-ad71-d93292493696","GUAN_062.phenology.phe","D04","GUAN","GUAN_062","2017-10-24","2017-08-09","NEON.PLA.D04.GUAN.06121","Individual","Partially shaded","Live, insect damaged",13.2,130,5.1,5.1,NA,NA,5.1,NA,"NEON.DOC.014040vH","JbCt3ZVS0Z8p+FnZZjYv2ST6kFQlRmlIVPqV7NV33A8=","zPBe+8pzAK3Kf4/L2qJV36CjLL5KpYr+dJur8mfsxKJSqtDZzH3Glg==","Looks like insects fed of leaves",NA
"326a8a15-ace9-4ae9-a44e-c3eba3c53841","GUAN_062.phenology.phe","D04","GUAN","GUAN_062","2017-10-24","2017-08-09","NEON.PLA.D04.GUAN.06151","Individual","Full sun","Live, physically damaged",24.3,130,10,7,NA,NA,5.1,NA,"NEON.DOC.014040vH","JbCt3ZVS0Z8p+FnZZjYv2ST6kFQlRmlIVPqV7NV33A8=","zPBe+8pzAK3Kf4/L2qJV36CjLL5KpYr+dJur8mfsxKJSqtDZzH3Glg==","Broken stems and or boles due to hurricane maria",NA
"93adaeaf-5160-4702-9b83-c736c1e07599","GUAN_062.phenology.phe","D04","GUAN","GUAN_062","2017-10-24","2017-08-09","NEON.PLA.D04.GUAN.06130","Individual","Partially shaded","Live, physically damaged",28.7,100,8.3,7.1,NA,NA,7.3,NA,"NEON.DOC.014040vH","JbCt3ZVS0Z8p+FnZZjYv2ST6kFQlRmlIVPqV7NV33A8=","zPBe+8pzAK3Kf4/L2qJV36CjLL5KpYr+dJur8mfsxKJSqtDZzH3Glg==","",NA
"101d0a8a-b56a-4e50-9d58-64d24e2d33f7","GUAN_062.phenology.phe","D04","GUAN","GUAN_062","2017-10-24","2017-08-09","NEON.PLA.D04.GUAN.06139","Individual","Full shade","Live",4.2,130,1.4,1.4,NA,NA,3.3,NA,"NEON.DOC.014040vH","JbCt3ZVS0Z8p+FnZZjYv2ST6kFQlRmlIVPqV7NV33A8=","zPBe+8pzAK3Kf4/L2qJV36CjLL5KpYr+dJur8mfsxKJSqtDZzH3Glg==","",NA
