"uid","namedLocation","domainID","siteID","plotID","decimalLatitude","decimalLongitude","geodeticDatum","coordinateUncertainty","elevation","elevationUncertainty","subtypeSpecification","transectMeter","directionFromTransect","ninetyDegreeDistance","sampleLatitude","sampleLongitude","sampleGeodeticDatum","sampleCoordinateUncertainty","sampleElevation","sampleElevationUncertainty","date","editedDate","individualID","taxonID","scientificName","identificationQualifier","taxonRank","growthForm","vstTag","samplingProtocolVersion","measuredBy","identifiedBy","recordedBy","remarks","dataQF"
"074371e9-d80f-4d38-9738-1289488df295","GUAN_062.phenology.phe","D04","GUAN","GUAN_062",17.968477,-66.863548,NA,NA,124.7,NA,"primary",486,"Left",8.3,NA,NA,"WGS84",NA,NA,NA,"2015-06-25","2015-07-09","NEON.PLA.D04.GUAN.06001","GYLU","Gymnanthes lucida Sw.",NA,"species","Evergreen broadleaf",NA,"","bhzZP3Y0xKGj5tQFevjoL8SD9yIOx3Ri","VgRfkWGhIvw7Lc3BZsfq46duR9Pzwglz","VgRfkWGhIvw7Lc3BZsfq46duR9Pzwglz","",NA
"9a8d5079-f907-4db2-b439-010a363c610a","GUAN_062.phenology.phe","D04","GUAN","GUAN_062",17.968477,-66.863548,NA,NA,124.7,NA,"primary",314,"Left",6.4,NA,NA,"WGS84",NA,NA,NA,"2015-06-25","2015-07-09","NEON.PLA.D04.GUAN.06010","PIAL3","Pisonia albida (Heimerl) Britton ex Standl.",NA,"species","Drought deciduous broadleaf",NA,"","bhzZP3Y0xKGj5tQFevjoL8SD9yIOx3Ri","VgRfkWGhIvw7Lc3BZsfq46duR9Pzwglz","VgRfkWGhIvw7Lc3BZsfq46duR9Pzwglz","",NA
"dced1f63-8be5-4ef0-a0ca-e42c15312575","GUAN_062.phenology.phe","D04","GUAN","GUAN_062",17.968477,-66.863548,NA,NA,124.7,NA,"primary",2.7,"Right",4,NA,NA,"WGS84",NA,NA,NA,"2015-06-25","2015-07-09","NEON.PLA.D04.GUAN.06006","PIAL3","Pisonia albida (Heimerl) Britton ex Standl.",NA,"species","Drought deciduous broadleaf",NA,"","bhzZP3Y0xKGj5tQFevjoL8SD9yIOx3Ri","VgRfkWGhIvw7Lc3BZsfq46duR9Pzwglz","VgRfkWGhIvw7Lc3BZsfq46duR9Pzwglz","mbt with supporting tag A",NA
"7e876506-549a-4fe3-ad0a-b59a16f1da68","GUAN_062.phenology.phe","D04","GUAN","GUAN_062",17.968477,-66.863548,NA,NA,124.7,NA,"primary",300,"Left",1.9,NA,NA,"WGS84",NA,NA,NA,"2015-06-25","2015-07-09","NEON.PLA.D04.GUAN.06009","GYLU","Gymnanthes lucida Sw.",NA,"species","Evergreen broadleaf",NA,"","bhzZP3Y0xKGj5tQFevjoL8SD9yIOx3Ri","VgRfkWGhIvw7Lc3BZsfq46duR9Pzwglz","VgRfkWGhIvw7Lc3BZsfq46duR9Pzwglz","",NA
"252bc9b2-d54c-4a90-8c74-2b256a279bdc","GUAN_062.phenology.phe","D04","GUAN","GUAN_062",17.968477,-66.863548,NA,NA,124.7,NA,"primary",597,"Right",3,NA,NA,"WGS84",NA,NA,NA,"2015-06-25","2015-07-09","NEON.PLA.D04.GUAN.06004","GYLU","Gymnanthes lucida Sw.",NA,"species","Evergreen broadleaf",NA,"","bhzZP3Y0xKGj5tQFevjoL8SD9yIOx3Ri","VgRfkWGhIvw7Lc3BZsfq46duR9Pzwglz","VgRfkWGhIvw7Lc3BZsfq46duR9Pzwglz","",NA
"9b44d1d1-7185-4019-b2b0-12bc7b12c7f4","GUAN_062.phenology.phe","D04","GUAN","GUAN_062",17.968477,-66.863548,NA,NA,124.7,NA,"primary",486,"Left",8.3,NA,NA,"WGS84",NA,NA,NA,"2015-06-25","2015-07-09","NEON.PLA.D04.GUAN.06001","GYLU","Gymnanthes lucida Sw.",NA,"species","Evergreen broadleaf",NA,"","bhzZP3Y0xKGj5tQFevjoL8SD9yIOx3Ri","VgRfkWGhIvw7Lc3BZsfq46duR9Pzwglz","VgRfkWGhIvw7Lc3BZsfq46duR9Pzwglz","",NA
"e4d406b6-984c-4f3b-a2a5-dc4fd1f35a69","GUAN_062.phenology.phe","D04","GUAN","GUAN_062",17.968477,-66.863548,NA,NA,124.7,NA,"primary",314,"Left",6.4,NA,NA,"WGS84",NA,NA,NA,"2015-06-25","2015-07-09","NEON.PLA.D04.GUAN.06010","PIAL3","Pisonia albida (Heimerl) Britton ex Standl.",NA,"species","Drought deciduous broadleaf",NA,"","bhzZP3Y0xKGj5tQFevjoL8SD9yIOx3Ri","VgRfkWGhIvw7Lc3BZsfq46duR9Pzwglz","VgRfkWGhIvw7Lc3BZsfq46duR9Pzwglz","",NA
"ead5124d-2e21-4e05-b252-077ff6d43d87","GUAN_062.phenology.phe","D04","GUAN","GUAN_062",17.968477,-66.863548,NA,NA,124.7,NA,"primary",2.7,"Right",4,NA,NA,"WGS84",NA,NA,NA,"2015-06-25","2015-07-09","NEON.PLA.D04.GUAN.06006","PIAL3","Pisonia albida (Heimerl) Britton ex Standl.",NA,"species","Drought deciduous broadleaf",NA,"","bhzZP3Y0xKGj5tQFevjoL8SD9yIOx3Ri","VgRfkWGhIvw7Lc3BZsfq46duR9Pzwglz","VgRfkWGhIvw7Lc3BZsfq46duR9Pzwglz","mbt with supporting tag A",NA
"f78300ab-8686-4655-8192-c51211446620","GUAN_062.phenology.phe","D04","GUAN","GUAN_062",17.968477,-66.863548,NA,NA,124.7,NA,"primary",714,"Right",5.9,NA,NA,"WGS84",NA,NA,NA,"2015-06-25","2015-07-09","NEON.PLA.D04.GUAN.06005","GYLU","Gymnanthes lucida Sw.",NA,"species","Evergreen broadleaf",NA,"","bhzZP3Y0xKGj5tQFevjoL8SD9yIOx3Ri","VgRfkWGhIvw7Lc3BZsfq46duR9Pzwglz","VgRfkWGhIvw7Lc3BZsfq46duR9Pzwglz","",NA
"3fa41c9b-8ebb-4fb1-90b6-0a70e791dfd0","GUAN_062.phenology.phe","D04","GUAN","GUAN_062",17.968477,-66.863548,NA,NA,124.7,NA,"primary",503,"Right",3.4,NA,NA,"WGS84",NA,NA,NA,"2015-06-25","2015-07-09","NEON.PLA.D04.GUAN.06003","PIAL3","Pisonia albida (Heimerl) Britton ex Standl.",NA,"species","Drought deciduous broadleaf",NA,"","bhzZP3Y0xKGj5tQFevjoL8SD9yIOx3Ri","VgRfkWGhIvw7Lc3BZsfq46duR9Pzwglz","VgRfkWGhIvw7Lc3BZsfq46duR9Pzwglz","",NA
"bf222f32-ddb6-41e4-9dfc-4bde0abb50f9","GUAN_062.phenology.phe","D04","GUAN","GUAN_062",17.968477,-66.863548,NA,NA,124.7,NA,"primary",714,"Right",5.9,NA,NA,"WGS84",NA,NA,NA,"2015-06-25","2015-07-09","NEON.PLA.D04.GUAN.06005","GYLU","Gymnanthes lucida Sw.",NA,"species","Evergreen broadleaf",NA,"","bhzZP3Y0xKGj5tQFevjoL8SD9yIOx3Ri","VgRfkWGhIvw7Lc3BZsfq46duR9Pzwglz","VgRfkWGhIvw7Lc3BZsfq46duR9Pzwglz","",NA
"32c3d3f1-f151-4f28-83cd-71c0814b3d4c","GUAN_062.phenology.phe","D04","GUAN","GUAN_062",17.968477,-66.863548,NA,NA,124.7,NA,"primary",503,"Right",3.4,NA,NA,"WGS84",NA,NA,NA,"2015-06-25","2015-07-09","NEON.PLA.D04.GUAN.06003","PIAL3","Pisonia albida (Heimerl) Britton ex Standl.",NA,"species","Drought deciduous broadleaf",NA,"","bhzZP3Y0xKGj5tQFevjoL8SD9yIOx3Ri","VgRfkWGhIvw7Lc3BZsfq46duR9Pzwglz","VgRfkWGhIvw7Lc3BZsfq46duR9Pzwglz","",NA
"7df820ce-c146-401c-8fa6-4a75ab8d1016","GUAN_062.phenology.phe","D04","GUAN","GUAN_062",17.968477,-66.863548,NA,NA,124.7,NA,"primary",490,"Left",8.8,NA,NA,"WGS84",NA,NA,NA,"2015-06-25","2015-07-09","NEON.PLA.D04.GUAN.06002","PIAL3","Pisonia albida (Heimerl) Britton ex Standl.",NA,"species","Drought deciduous broadleaf",NA,"","bhzZP3Y0xKGj5tQFevjoL8SD9yIOx3Ri","VgRfkWGhIvw7Lc3BZsfq46duR9Pzwglz","VgRfkWGhIvw7Lc3BZsfq46duR9Pzwglz","mbt with supporting tags A-C",NA
"554a1b99-f469-4f62-a214-c90af4e585e0","GUAN_062.phenology.phe","D04","GUAN","GUAN_062",17.968477,-66.863548,NA,NA,124.7,NA,"primary",202,"Right",1.1,NA,NA,"WGS84",NA,NA,NA,"2015-06-25","2015-07-09","NEON.PLA.D04.GUAN.06008","GYLU","Gymnanthes lucida Sw.",NA,"species","Evergreen broadleaf",NA,"","bhzZP3Y0xKGj5tQFevjoL8SD9yIOx3Ri","VgRfkWGhIvw7Lc3BZsfq46duR9Pzwglz","VgRfkWGhIvw7Lc3BZsfq46duR9Pzwglz","",NA
"a8d45b9a-a203-4c4f-a932-08c277778c06","GUAN_062.phenology.phe","D04","GUAN","GUAN_062",17.968477,-66.863548,NA,NA,124.7,NA,"primary",490,"Left",8.8,NA,NA,"WGS84",NA,NA,NA,"2015-06-25","2015-07-09","NEON.PLA.D04.GUAN.06002","PIAL3","Pisonia albida (Heimerl) Britton ex Standl.",NA,"species","Drought deciduous broadleaf",NA,"","bhzZP3Y0xKGj5tQFevjoL8SD9yIOx3Ri","VgRfkWGhIvw7Lc3BZsfq46duR9Pzwglz","VgRfkWGhIvw7Lc3BZsfq46duR9Pzwglz","mbt with supporting tags A-C",NA
"705ff56f-3047-4084-af5d-0ebb179ebb8c","GUAN_062.phenology.phe","D04","GUAN","GUAN_062",17.968477,-66.863548,NA,NA,124.7,NA,"primary",181,"Right",1.8,NA,NA,"WGS84",NA,NA,NA,"2015-06-25","2015-07-09","NEON.PLA.D04.GUAN.06007","PIAL3","Pisonia albida (Heimerl) Britton ex Standl.",NA,"species","Drought deciduous broadleaf",NA,"","bhzZP3Y0xKGj5tQFevjoL8SD9yIOx3Ri","VgRfkWGhIvw7Lc3BZsfq46duR9Pzwglz","VgRfkWGhIvw7Lc3BZsfq46duR9Pzwglz","",NA
"25451a6b-c224-4f95-8b5a-a0d9fda9d912","GUAN_062.phenology.phe","D04","GUAN","GUAN_062",17.968477,-66.863548,NA,NA,124.7,NA,"primary",181,"Right",1.8,NA,NA,"WGS84",NA,NA,NA,"2015-06-25","2015-07-09","NEON.PLA.D04.GUAN.06007","PIAL3","Pisonia albida (Heimerl) Britton ex Standl.",NA,"species","Drought deciduous broadleaf",NA,"","bhzZP3Y0xKGj5tQFevjoL8SD9yIOx3Ri","VgRfkWGhIvw7Lc3BZsfq46duR9Pzwglz","VgRfkWGhIvw7Lc3BZsfq46duR9Pzwglz","",NA
"d59170a6-1c97-4d68-a52c-e998ba4e7838","GUAN_062.phenology.phe","D04","GUAN","GUAN_062",17.968477,-66.863548,NA,NA,124.7,NA,"primary",202,"Right",1.1,NA,NA,"WGS84",NA,NA,NA,"2015-06-25","2015-07-09","NEON.PLA.D04.GUAN.06008","GYLU","Gymnanthes lucida Sw.",NA,"species","Evergreen broadleaf",NA,"","bhzZP3Y0xKGj5tQFevjoL8SD9yIOx3Ri","VgRfkWGhIvw7Lc3BZsfq46duR9Pzwglz","VgRfkWGhIvw7Lc3BZsfq46duR9Pzwglz","",NA
"1269749f-209a-40dc-91d3-d269f22ae627","GUAN_062.phenology.phe","D04","GUAN","GUAN_062",17.968477,-66.863548,NA,NA,124.7,NA,"primary",597,"Right",3,NA,NA,"WGS84",NA,NA,NA,"2015-06-25","2015-07-09","NEON.PLA.D04.GUAN.06004","GYLU","Gymnanthes lucida Sw.",NA,"species","Evergreen broadleaf",NA,"","bhzZP3Y0xKGj5tQFevjoL8SD9yIOx3Ri","VgRfkWGhIvw7Lc3BZsfq46duR9Pzwglz","VgRfkWGhIvw7Lc3BZsfq46duR9Pzwglz","",NA
"43a2f1af-8cfc-4e69-ba41-8f4f91fe18c4","GUAN_062.phenology.phe","D04","GUAN","GUAN_062",17.968477,-66.863548,NA,NA,124.7,NA,"primary",300,"Left",1.9,NA,NA,"WGS84",NA,NA,NA,"2015-06-25","2015-07-09","NEON.PLA.D04.GUAN.06009","GYLU","Gymnanthes lucida Sw.",NA,"species","Evergreen broadleaf",NA,"","bhzZP3Y0xKGj5tQFevjoL8SD9yIOx3Ri","VgRfkWGhIvw7Lc3BZsfq46duR9Pzwglz","VgRfkWGhIvw7Lc3BZsfq46duR9Pzwglz","",NA
"95b72d25-da28-49a1-b3fd-f0de742101ff","GUAN_062.phenology.phe","D04","GUAN","GUAN_062",17.968477,-66.863548,NA,NA,124.7,NA,"primary",504.3,"Left",1.7,NA,NA,"WGS84",NA,NA,NA,"2017-08-09","2017-08-09","NEON.PLA.D04.GUAN.06110","PIAL3","Pisonia albida (Heimerl) Britton ex Standl.",NA,"species","Drought deciduous broadleaf",NA,"NEON.DOC.014040vD","7GSC2Ocp9nUdeLo1J+kj65CB+MYRHS9+bXf7zPsUlkw=","Kk15Cx6e6Rq5TM+49BKqxg==","","no entry",NA
"da6f928d-cc25-4dc2-a483-5bc66f9fe5bb","GUAN_062.phenology.phe","D04","GUAN","GUAN_062",17.968477,-66.863548,NA,NA,124.7,NA,"primary",473.6,"Left",2.3,NA,NA,"WGS84",NA,NA,NA,"2017-08-09","2017-08-09","NEON.PLA.D04.GUAN.06106","BUSI","Bursera simaruba (L.) Sarg.",NA,"species","Drought deciduous broadleaf",NA,"NEON.DOC.014040vD","7GSC2Ocp9nUdeLo1J+kj65CB+MYRHS9+bXf7zPsUlkw=","Kk15Cx6e6Rq5TM+49BKqxg==","","no entry",NA
"7fc9f880-3634-4a1f-976e-966532799218","GUAN_062.phenology.phe","D04","GUAN","GUAN_062",17.968477,-66.863548,NA,NA,124.7,NA,"primary",500,"Left",3.1,NA,NA,"WGS84",NA,NA,NA,"2017-08-09","2017-08-09","NEON.PLA.D04.GUAN.06109","PIAL3","Pisonia albida (Heimerl) Britton ex Standl.",NA,"species","Drought deciduous broadleaf",NA,"NEON.DOC.014040vD","7GSC2Ocp9nUdeLo1J+kj65CB+MYRHS9+bXf7zPsUlkw=","Kk15Cx6e6Rq5TM+49BKqxg==","","no entry",NA
"21ee7c5a-8894-4026-b113-09d49fa81505","GUAN_062.phenology.phe","D04","GUAN","GUAN_062",17.968477,-66.863548,NA,NA,124.7,NA,"primary",392,"Left",0.5,NA,NA,"WGS84",NA,NA,NA,"2017-08-09","2017-08-09","NEON.PLA.D04.GUAN.06100","BUSI","Bursera simaruba (L.) Sarg.",NA,"species","Drought deciduous broadleaf",NA,"NEON.DOC.014040vD","7GSC2Ocp9nUdeLo1J+kj65CB+MYRHS9+bXf7zPsUlkw=","Kk15Cx6e6Rq5TM+49BKqxg==","","no entry",NA
"522cbf06-ecfb-4f99-8d13-185a64e0db72","GUAN_062.phenology.phe","D04","GUAN","GUAN_062",17.968477,-66.863548,NA,NA,124.7,NA,"primary",428,"Right",4.7,NA,NA,"WGS84",NA,NA,NA,"2017-08-09","2017-08-09","NEON.PLA.D04.GUAN.06101","BUSI","Bursera simaruba (L.) Sarg.",NA,"species","Drought deciduous broadleaf",NA,"NEON.DOC.014040vD","7GSC2Ocp9nUdeLo1J+kj65CB+MYRHS9+bXf7zPsUlkw=","Kk15Cx6e6Rq5TM+49BKqxg==","","no entry",NA
"36ee7124-aa31-4b4b-a1b1-20881d0b990c","GUAN_062.phenology.phe","D04","GUAN","GUAN_062",17.968477,-66.863548,NA,NA,124.7,NA,"primary",510,"Left",5.8,NA,NA,"WGS84",NA,NA,NA,"2017-08-09","2017-08-09","NEON.PLA.D04.GUAN.06112","BUSI","Bursera simaruba (L.) Sarg.",NA,"species","Drought deciduous broadleaf",NA,"NEON.DOC.014040vD","7GSC2Ocp9nUdeLo1J+kj65CB+MYRHS9+bXf7zPsUlkw=","Kk15Cx6e6Rq5TM+49BKqxg==","","no entry",NA
"3e9fa9f5-54dc-4a6f-945c-0c674931ed01","GUAN_062.phenology.phe","D04","GUAN","GUAN_062",17.968477,-66.863548,NA,NA,124.7,NA,"primary",470.1,"Right",1.5,NA,NA,"WGS84",NA,NA,NA,"2017-08-09","2017-08-09","NEON.PLA.D04.GUAN.06105","PIAL3","Pisonia albida (Heimerl) Britton ex Standl.",NA,"species","Drought deciduous broadleaf",NA,"NEON.DOC.014040vD","7GSC2Ocp9nUdeLo1J+kj65CB+MYRHS9+bXf7zPsUlkw=","Kk15Cx6e6Rq5TM+49BKqxg==","","no entry",NA
"9e48ca53-0748-41f6-8d4e-9e6ced25cc8b","GUAN_062.phenology.phe","D04","GUAN","GUAN_062",17.968477,-66.863548,NA,NA,124.7,NA,"primary",520,"Left",5,NA,NA,"WGS84",NA,NA,NA,"2017-08-09","2017-08-09","NEON.PLA.D04.GUAN.06113","PIAL3","Pisonia albida (Heimerl) Britton ex Standl.",NA,"species","Drought deciduous broadleaf",NA,"NEON.DOC.014040vD","7GSC2Ocp9nUdeLo1J+kj65CB+MYRHS9+bXf7zPsUlkw=","Kk15Cx6e6Rq5TM+49BKqxg==","","no entry",NA
"756afbbc-e0a8-438f-a1ee-63d72aca8e26","GUAN_062.phenology.phe","D04","GUAN","GUAN_062",17.968477,-66.863548,NA,NA,124.7,NA,"primary",449.3,"Left",0.5,NA,NA,"WGS84",NA,NA,NA,"2017-08-09","2017-08-09","NEON.PLA.D04.GUAN.06103","BUSI","Bursera simaruba (L.) Sarg.",NA,"species","Drought deciduous broadleaf",NA,"NEON.DOC.014040vD","7GSC2Ocp9nUdeLo1J+kj65CB+MYRHS9+bXf7zPsUlkw=","Kk15Cx6e6Rq5TM+49BKqxg==","","no entry",NA
"8645b4c4-5df0-421c-acab-f1a9bcc9afde","GUAN_062.phenology.phe","D04","GUAN","GUAN_062",17.968477,-66.863548,NA,NA,124.7,NA,"primary",470.1,"Left",3.3,NA,NA,"WGS84",NA,NA,NA,"2017-08-09","2017-08-09","NEON.PLA.D04.GUAN.06104","BUSI","Bursera simaruba (L.) Sarg.",NA,"species","Drought deciduous broadleaf",NA,"NEON.DOC.014040vD","7GSC2Ocp9nUdeLo1J+kj65CB+MYRHS9+bXf7zPsUlkw=","Kk15Cx6e6Rq5TM+49BKqxg==","","no entry",NA
"8350a5ec-5078-43b2-babe-677dd82e116a","GUAN_062.phenology.phe","D04","GUAN","GUAN_062",17.968477,-66.863548,NA,NA,124.7,NA,"primary",524.1,"Right",2.2,NA,NA,"WGS84",NA,NA,NA,"2017-08-09","2017-08-09","NEON.PLA.D04.GUAN.06114","BUSI","Bursera simaruba (L.) Sarg.",NA,"species","Drought deciduous broadleaf",NA,"NEON.DOC.014040vD","7GSC2Ocp9nUdeLo1J+kj65CB+MYRHS9+bXf7zPsUlkw=","Kk15Cx6e6Rq5TM+49BKqxg==","","no entry",NA
"230582d0-d988-4e74-a02d-6198ad4f3ef8","GUAN_062.phenology.phe","D04","GUAN","GUAN_062",17.968477,-66.863548,NA,NA,124.7,NA,"primary",493.3,"Right",0.8,NA,NA,"WGS84",NA,NA,NA,"2017-08-09","2017-08-09","NEON.PLA.D04.GUAN.06108","GYLU","Gymnanthes lucida Sw.",NA,"species","Evergreen broadleaf",NA,"NEON.DOC.014040vD","7GSC2Ocp9nUdeLo1J+kj65CB+MYRHS9+bXf7zPsUlkw=","Kk15Cx6e6Rq5TM+49BKqxg==","","no entry",NA
"38872122-ec1c-4a9b-9b44-3bbfdf865152","GUAN_062.phenology.phe","D04","GUAN","GUAN_062",17.968477,-66.863548,NA,NA,124.7,NA,"primary",509.1,"Right",2.3,NA,NA,"WGS84",NA,NA,NA,"2017-08-09","2017-08-09","NEON.PLA.D04.GUAN.06111","PIAL3","Pisonia albida (Heimerl) Britton ex Standl.",NA,"species","Drought deciduous broadleaf",NA,"NEON.DOC.014040vD","7GSC2Ocp9nUdeLo1J+kj65CB+MYRHS9+bXf7zPsUlkw=","Kk15Cx6e6Rq5TM+49BKqxg==","","no entry",NA
"3c8457e0-d5ac-4caf-8944-c249b95708e2","GUAN_062.phenology.phe","D04","GUAN","GUAN_062",17.968477,-66.863548,NA,NA,124.7,NA,"primary",439.2,"Right",1.6,NA,NA,"WGS84",NA,NA,NA,"2017-08-09","2017-08-09","NEON.PLA.D04.GUAN.06102","BUSI","Bursera simaruba (L.) Sarg.",NA,"species","Drought deciduous broadleaf",NA,"NEON.DOC.014040vD","7GSC2Ocp9nUdeLo1J+kj65CB+MYRHS9+bXf7zPsUlkw=","Kk15Cx6e6Rq5TM+49BKqxg==","","no entry",NA
"d9d5d1a8-347b-4d73-9b13-d6afb6933eb5","GUAN_062.phenology.phe","D04","GUAN","GUAN_062",17.968477,-66.863548,NA,NA,124.7,NA,"primary",483.7,"Left",9.5,NA,NA,"WGS84",NA,NA,NA,"2017-08-09","2017-08-09","NEON.PLA.D04.GUAN.06107","PIAL3","Pisonia albida (Heimerl) Britton ex Standl.",NA,"species","Drought deciduous broadleaf",NA,"NEON.DOC.014040vD","7GSC2Ocp9nUdeLo1J+kj65CB+MYRHS9+bXf7zPsUlkw=","Kk15Cx6e6Rq5TM+49BKqxg==","","no entry",NA
"09687bb2-3ad8-4144-95ee-149a91dd4c70","GUAN_062.phenology.phe","D04","GUAN","GUAN_062",17.968477,-66.863548,NA,NA,124.7,NA,"primary",571.5,"Right",2.3,NA,NA,"WGS84",NA,NA,NA,"2017-08-09","2017-08-09","NEON.PLA.D04.GUAN.06119","BUSI","Bursera simaruba (L.) Sarg.",NA,"species","Drought deciduous broadleaf",NA,"NEON.DOC.014040vD","7GSC2Ocp9nUdeLo1J+kj65CB+MYRHS9+bXf7zPsUlkw=","Kk15Cx6e6Rq5TM+49BKqxg==","","no entry",NA
"7420e306-5305-4786-b1a9-3c8132d2c50f","GUAN_062.phenology.phe","D04","GUAN","GUAN_062",17.968477,-66.863548,NA,NA,124.7,NA,"primary",610.1,"Left",2.6,NA,NA,"WGS84",NA,NA,NA,"2017-08-09","2017-08-09","NEON.PLA.D04.GUAN.06125","BUSI","Bursera simaruba (L.) Sarg.",NA,"species","Drought deciduous broadleaf",NA,"NEON.DOC.014040vD","7GSC2Ocp9nUdeLo1J+kj65CB+MYRHS9+bXf7zPsUlkw=","Kk15Cx6e6Rq5TM+49BKqxg==","","no entry",NA
"a66b1f77-4917-4d94-9afd-8524e1d49768","GUAN_062.phenology.phe","D04","GUAN","GUAN_062",17.968477,-66.863548,NA,NA,124.7,NA,"primary",680.7,"Right",4.4,NA,NA,"WGS84",NA,NA,NA,"2017-08-09","2017-08-09","NEON.PLA.D04.GUAN.06132","BUSI","Bursera simaruba (L.) Sarg.",NA,"species","Drought deciduous broadleaf",NA,"NEON.DOC.014040vD","7GSC2Ocp9nUdeLo1J+kj65CB+MYRHS9+bXf7zPsUlkw=","Kk15Cx6e6Rq5TM+49BKqxg==","","no entry",NA
"c28b0eac-a1f0-4524-9441-29471cdde18a","GUAN_062.phenology.phe","D04","GUAN","GUAN_062",17.968477,-66.863548,NA,NA,124.7,NA,"primary",725.8,"Left",5.1,NA,NA,"WGS84",NA,NA,NA,"2017-08-09","2017-08-09","NEON.PLA.D04.GUAN.06135","GYLU","Gymnanthes lucida Sw.",NA,"species","Evergreen broadleaf",NA,"NEON.DOC.014040vD","7GSC2Ocp9nUdeLo1J+kj65CB+MYRHS9+bXf7zPsUlkw=","Kk15Cx6e6Rq5TM+49BKqxg==","","no entry",NA
"0f6431df-97ad-4fef-b6cd-780486d8a8ee","GUAN_062.phenology.phe","D04","GUAN","GUAN_062",17.968477,-66.863548,NA,NA,124.7,NA,"primary",752.4,"Left",0.5,NA,NA,"WGS84",NA,NA,NA,"2017-08-09","2017-08-09","NEON.PLA.D04.GUAN.06141","GYLU","Gymnanthes lucida Sw.",NA,"species","Evergreen broadleaf",NA,"NEON.DOC.014040vD","7GSC2Ocp9nUdeLo1J+kj65CB+MYRHS9+bXf7zPsUlkw=","Kk15Cx6e6Rq5TM+49BKqxg==","","no entry",NA
"56e994af-40bf-424a-902a-e16d91ff6dc0","GUAN_062.phenology.phe","D04","GUAN","GUAN_062",17.968477,-66.863548,NA,NA,124.7,NA,"primary",777.8,"Left",6,NA,NA,"WGS84",NA,NA,NA,"2017-08-09","2017-08-09","NEON.PLA.D04.GUAN.06143","PIAL3","Pisonia albida (Heimerl) Britton ex Standl.",NA,"species","Drought deciduous broadleaf",NA,"NEON.DOC.014040vD","7GSC2Ocp9nUdeLo1J+kj65CB+MYRHS9+bXf7zPsUlkw=","Kk15Cx6e6Rq5TM+49BKqxg==","","no entry",NA
"0e9554de-0b26-4421-9243-9cacef0f37f0","GUAN_062.phenology.phe","D04","GUAN","GUAN_062",17.968477,-66.863548,NA,NA,124.7,NA,"primary",781,"Right",2,NA,NA,"WGS84",NA,NA,NA,"2017-08-09","2017-08-09","NEON.PLA.D04.GUAN.06145","BUSI","Bursera simaruba (L.) Sarg.",NA,"species","Drought deciduous broadleaf",NA,"NEON.DOC.014040vD","7GSC2Ocp9nUdeLo1J+kj65CB+MYRHS9+bXf7zPsUlkw=","Kk15Cx6e6Rq5TM+49BKqxg==","","no entry",NA
"6fcd6450-2d67-42fb-9441-2f5e67aa2eb2","GUAN_062.phenology.phe","D04","GUAN","GUAN_062",17.968477,-66.863548,NA,NA,124.7,NA,"primary",613.5,"Left",2.4,NA,NA,"WGS84",NA,NA,NA,"2017-08-09","2017-08-09","NEON.PLA.D04.GUAN.06126","BUSI","Bursera simaruba (L.) Sarg.",NA,"species","Drought deciduous broadleaf",NA,"NEON.DOC.014040vD","7GSC2Ocp9nUdeLo1J+kj65CB+MYRHS9+bXf7zPsUlkw=","Kk15Cx6e6Rq5TM+49BKqxg==","","no entry",NA
"fad88f70-47a8-4b75-8822-033b369fb993","GUAN_062.phenology.phe","D04","GUAN","GUAN_062",17.968477,-66.863548,NA,NA,124.7,NA,"primary",747.4,"Left",1.3,NA,NA,"WGS84",NA,NA,NA,"2017-08-09","2017-08-09","NEON.PLA.D04.GUAN.06138","GYLU","Gymnanthes lucida Sw.",NA,"species","Evergreen broadleaf",NA,"NEON.DOC.014040vD","7GSC2Ocp9nUdeLo1J+kj65CB+MYRHS9+bXf7zPsUlkw=","Kk15Cx6e6Rq5TM+49BKqxg==","","no entry",NA
"31adec89-254a-4d81-b312-d94115a7c5b1","GUAN_062.phenology.phe","D04","GUAN","GUAN_062",17.968477,-66.863548,NA,NA,124.7,NA,"primary",773.7,"Left",5.1,NA,NA,"WGS84",NA,NA,NA,"2017-08-09","2017-08-09","NEON.PLA.D04.GUAN.06142","BUSI","Bursera simaruba (L.) Sarg.",NA,"species","Drought deciduous broadleaf",NA,"NEON.DOC.014040vD","7GSC2Ocp9nUdeLo1J+kj65CB+MYRHS9+bXf7zPsUlkw=","Kk15Cx6e6Rq5TM+49BKqxg==","","no entry",NA
"52b61c90-4a6d-4f72-b45a-5d96bcb4811d","GUAN_062.phenology.phe","D04","GUAN","GUAN_062",17.968477,-66.863548,NA,NA,124.7,NA,"primary",593.5,"Left",1,NA,NA,"WGS84",NA,NA,NA,"2017-08-09","2017-08-09","NEON.PLA.D04.GUAN.06122","GYLU","Gymnanthes lucida Sw.",NA,"species","Evergreen broadleaf",NA,"NEON.DOC.014040vD","7GSC2Ocp9nUdeLo1J+kj65CB+MYRHS9+bXf7zPsUlkw=","Kk15Cx6e6Rq5TM+49BKqxg==","","no entry",NA
"73bc75ca-9f57-49a1-a2d6-1fb8bc19c0d9","GUAN_062.phenology.phe","D04","GUAN","GUAN_062",17.968477,-66.863548,NA,NA,124.7,NA,"primary",594.4,"Right",1,NA,NA,"WGS84",NA,NA,NA,"2017-08-09","2017-08-09","NEON.PLA.D04.GUAN.06123","PIAL3","Pisonia albida (Heimerl) Britton ex Standl.",NA,"species","Drought deciduous broadleaf",NA,"NEON.DOC.014040vD","7GSC2Ocp9nUdeLo1J+kj65CB+MYRHS9+bXf7zPsUlkw=","Kk15Cx6e6Rq5TM+49BKqxg==","","no entry",NA
"634067c5-5430-4a75-93a3-bd9e85d4301f","GUAN_062.phenology.phe","D04","GUAN","GUAN_062",17.968477,-66.863548,NA,NA,124.7,NA,"primary",780.7,"Left",0.7,NA,NA,"WGS84",NA,NA,NA,"2017-08-09","2017-08-09","NEON.PLA.D04.GUAN.06144","GYLU","Gymnanthes lucida Sw.",NA,"species","Evergreen broadleaf",NA,"NEON.DOC.014040vD","7GSC2Ocp9nUdeLo1J+kj65CB+MYRHS9+bXf7zPsUlkw=","Kk15Cx6e6Rq5TM+49BKqxg==","","no entry",NA
"68f6c734-58f1-4c4e-8bb3-371550a407e3","GUAN_062.phenology.phe","D04","GUAN","GUAN_062",17.968477,-66.863548,NA,NA,124.7,NA,"primary",574.1,"Left",6.2,NA,NA,"WGS84",NA,NA,NA,"2017-08-09","2017-08-09","NEON.PLA.D04.GUAN.06120","PIAL3","Pisonia albida (Heimerl) Britton ex Standl.",NA,"species","Drought deciduous broadleaf",NA,"NEON.DOC.014040vD","7GSC2Ocp9nUdeLo1J+kj65CB+MYRHS9+bXf7zPsUlkw=","Kk15Cx6e6Rq5TM+49BKqxg==","","no entry",NA
"78fe6003-8783-453a-b752-31f23cb8e0ce","GUAN_062.phenology.phe","D04","GUAN","GUAN_062",17.968477,-66.863548,NA,NA,124.7,NA,"primary",749.6,"Left",0.6,NA,NA,"WGS84",NA,NA,NA,"2017-08-09","2017-08-09","NEON.PLA.D04.GUAN.06139","GYLU","Gymnanthes lucida Sw.",NA,"species","Evergreen broadleaf",NA,"NEON.DOC.014040vD","7GSC2Ocp9nUdeLo1J+kj65CB+MYRHS9+bXf7zPsUlkw=","Kk15Cx6e6Rq5TM+49BKqxg==","","no entry",NA
"b2e00521-6c66-4bfb-8a8f-d9b15375f1f8","GUAN_062.phenology.phe","D04","GUAN","GUAN_062",17.968477,-66.863548,NA,NA,124.7,NA,"primary",750.3,"Left",2.7,NA,NA,"WGS84",NA,NA,NA,"2017-08-09","2017-08-09","NEON.PLA.D04.GUAN.06140","BUSI","Bursera simaruba (L.) Sarg.",NA,"species","Drought deciduous broadleaf",NA,"NEON.DOC.014040vD","7GSC2Ocp9nUdeLo1J+kj65CB+MYRHS9+bXf7zPsUlkw=","Kk15Cx6e6Rq5TM+49BKqxg==","","no entry",NA
"bc08b8b3-6d08-4320-8a48-0e4abcd0ecdc","GUAN_062.phenology.phe","D04","GUAN","GUAN_062",17.968477,-66.863548,NA,NA,124.7,NA,"primary",727.5,"Left",5,NA,NA,"WGS84",NA,NA,NA,"2017-08-09","2017-08-09","NEON.PLA.D04.GUAN.06136","BUSI","Bursera simaruba (L.) Sarg.",NA,"species","Drought deciduous broadleaf",NA,"NEON.DOC.014040vD","7GSC2Ocp9nUdeLo1J+kj65CB+MYRHS9+bXf7zPsUlkw=","Kk15Cx6e6Rq5TM+49BKqxg==","","no entry",NA
"e30fa210-c3b5-4289-8ad1-7453b3031d45","GUAN_062.phenology.phe","D04","GUAN","GUAN_062",17.968477,-66.863548,NA,NA,124.7,NA,"primary",624.5,"Left",1.4,NA,NA,"WGS84",NA,NA,NA,"2017-08-09","2017-08-09","NEON.PLA.D04.GUAN.06129","BUSI","Bursera simaruba (L.) Sarg.",NA,"species","Drought deciduous broadleaf",NA,"NEON.DOC.014040vD","7GSC2Ocp9nUdeLo1J+kj65CB+MYRHS9+bXf7zPsUlkw=","Kk15Cx6e6Rq5TM+49BKqxg==","","no entry",NA
"c88e0748-8896-4de0-b8a0-83074b8c0402","GUAN_062.phenology.phe","D04","GUAN","GUAN_062",17.968477,-66.863548,NA,NA,124.7,NA,"primary",533.5,"Right",1.3,NA,NA,"WGS84",NA,NA,NA,"2017-08-09","2017-08-09","NEON.PLA.D04.GUAN.06116","GYLU","Gymnanthes lucida Sw.",NA,"species","Evergreen broadleaf",NA,"NEON.DOC.014040vD","7GSC2Ocp9nUdeLo1J+kj65CB+MYRHS9+bXf7zPsUlkw=","Kk15Cx6e6Rq5TM+49BKqxg==","","no entry",NA
"9ce93f3c-63c4-469d-84c0-8ed7d8031f67","GUAN_062.phenology.phe","D04","GUAN","GUAN_062",17.968477,-66.863548,NA,NA,124.7,NA,"primary",650.9,"Right",2.6,NA,NA,"WGS84",NA,NA,NA,"2017-08-09","2017-08-09","NEON.PLA.D04.GUAN.06130","PIAL3","Pisonia albida (Heimerl) Britton ex Standl.",NA,"species","Drought deciduous broadleaf",NA,"NEON.DOC.014040vD","7GSC2Ocp9nUdeLo1J+kj65CB+MYRHS9+bXf7zPsUlkw=","Kk15Cx6e6Rq5TM+49BKqxg==","","no entry",NA
"f7e52c7f-3c92-4464-8212-f132e403c5c9","GUAN_062.phenology.phe","D04","GUAN","GUAN_062",17.968477,-66.863548,NA,NA,124.7,NA,"primary",624.4,"Left",0.5,NA,NA,"WGS84",NA,NA,NA,"2017-08-09","2017-08-09","NEON.PLA.D04.GUAN.06128","GYLU","Gymnanthes lucida Sw.",NA,"species","Evergreen broadleaf",NA,"NEON.DOC.014040vD","7GSC2Ocp9nUdeLo1J+kj65CB+MYRHS9+bXf7zPsUlkw=","Kk15Cx6e6Rq5TM+49BKqxg==","","no entry",NA
"c11ad699-a466-4fa8-bec7-1abec026e292","GUAN_062.phenology.phe","D04","GUAN","GUAN_062",17.968477,-66.863548,NA,NA,124.7,NA,"primary",747.3,"Left",4,NA,NA,"WGS84",NA,NA,NA,"2017-08-09","2017-08-09","NEON.PLA.D04.GUAN.06137","BUSI","Bursera simaruba (L.) Sarg.",NA,"species","Drought deciduous broadleaf",NA,"NEON.DOC.014040vD","7GSC2Ocp9nUdeLo1J+kj65CB+MYRHS9+bXf7zPsUlkw=","Kk15Cx6e6Rq5TM+49BKqxg==","","no entry",NA
"d0d4c7a1-4b68-435e-bb0e-24f17f7dac0d","GUAN_062.phenology.phe","D04","GUAN","GUAN_062",17.968477,-66.863548,NA,NA,124.7,NA,"primary",714.3,"Right",4.2,NA,NA,"WGS84",NA,NA,NA,"2017-08-09","2017-08-09","NEON.PLA.D04.GUAN.06134","BUSI","Bursera simaruba (L.) Sarg.",NA,"species","Drought deciduous broadleaf",NA,"NEON.DOC.014040vD","7GSC2Ocp9nUdeLo1J+kj65CB+MYRHS9+bXf7zPsUlkw=","Kk15Cx6e6Rq5TM+49BKqxg==","","no entry",NA
"ac2bab30-0812-4f59-b75b-f6cb63f018a1","GUAN_062.phenology.phe","D04","GUAN","GUAN_062",17.968477,-66.863548,NA,NA,124.7,NA,"primary",620,"Left",3.7,NA,NA,"WGS84",NA,NA,NA,"2017-08-09","2017-08-09","NEON.PLA.D04.GUAN.06127","GYLU","Gymnanthes lucida Sw.",NA,"species","Evergreen broadleaf",NA,"NEON.DOC.014040vD","7GSC2Ocp9nUdeLo1J+kj65CB+MYRHS9+bXf7zPsUlkw=","Kk15Cx6e6Rq5TM+49BKqxg==","","no entry",NA
"fc3aff4a-26ee-43af-9acd-04429523fc8c","GUAN_062.phenology.phe","D04","GUAN","GUAN_062",17.968477,-66.863548,NA,NA,124.7,NA,"primary",531.7,"Right",2,NA,NA,"WGS84",NA,NA,NA,"2017-08-09","2017-08-09","NEON.PLA.D04.GUAN.06115","GYLU","Gymnanthes lucida Sw.",NA,"species","Evergreen broadleaf",NA,"NEON.DOC.014040vD","7GSC2Ocp9nUdeLo1J+kj65CB+MYRHS9+bXf7zPsUlkw=","Kk15Cx6e6Rq5TM+49BKqxg==","","no entry",NA
"4dfcbd78-bc72-4037-921e-5fa688728b67","GUAN_062.phenology.phe","D04","GUAN","GUAN_062",17.968477,-66.863548,NA,NA,124.7,NA,"primary",567,"Left",2.1,NA,NA,"WGS84",NA,NA,NA,"2017-08-09","2017-08-09","NEON.PLA.D04.GUAN.06118","GYLU","Gymnanthes lucida Sw.",NA,"species","Evergreen broadleaf",NA,"NEON.DOC.014040vD","7GSC2Ocp9nUdeLo1J+kj65CB+MYRHS9+bXf7zPsUlkw=","Kk15Cx6e6Rq5TM+49BKqxg==","","no entry",NA
"33b7b87b-3762-4dbb-9e67-91c1b2939c8d","GUAN_062.phenology.phe","D04","GUAN","GUAN_062",17.968477,-66.863548,NA,NA,124.7,NA,"primary",550,"Right",2.1,NA,NA,"WGS84",NA,NA,NA,"2017-08-09","2017-08-09","NEON.PLA.D04.GUAN.06117","PIAL3","Pisonia albida (Heimerl) Britton ex Standl.",NA,"species","Drought deciduous broadleaf",NA,"NEON.DOC.014040vD","7GSC2Ocp9nUdeLo1J+kj65CB+MYRHS9+bXf7zPsUlkw=","Kk15Cx6e6Rq5TM+49BKqxg==","","no entry",NA
"d5e698e3-f08e-431c-9bc9-fee01811085d","GUAN_062.phenology.phe","D04","GUAN","GUAN_062",17.968477,-66.863548,NA,NA,124.7,NA,"primary",680,"Right",1.6,NA,NA,"WGS84",NA,NA,NA,"2017-08-09","2017-08-09","NEON.PLA.D04.GUAN.06131","BUSI","Bursera simaruba (L.) Sarg.",NA,"species","Drought deciduous broadleaf",NA,"NEON.DOC.014040vD","7GSC2Ocp9nUdeLo1J+kj65CB+MYRHS9+bXf7zPsUlkw=","Kk15Cx6e6Rq5TM+49BKqxg==","","no entry",NA
"a005f688-cc65-4733-986c-70007eb907f3","GUAN_062.phenology.phe","D04","GUAN","GUAN_062",17.968477,-66.863548,NA,NA,124.7,NA,"primary",610,"Right",1.1,NA,NA,"WGS84",NA,NA,NA,"2017-08-09","2017-08-09","NEON.PLA.D04.GUAN.06124","GYLU","Gymnanthes lucida Sw.",NA,"species","Evergreen broadleaf",NA,"NEON.DOC.014040vD","7GSC2Ocp9nUdeLo1J+kj65CB+MYRHS9+bXf7zPsUlkw=","Kk15Cx6e6Rq5TM+49BKqxg==","","no entry",NA
"540667ca-3cbd-4f19-899e-63adfd1b0275","GUAN_062.phenology.phe","D04","GUAN","GUAN_062",17.968477,-66.863548,NA,NA,124.7,NA,"primary",712.6,"Right",0.9,NA,NA,"WGS84",NA,NA,NA,"2017-08-09","2017-08-09","NEON.PLA.D04.GUAN.06133","GYLU","Gymnanthes lucida Sw.",NA,"species","Evergreen broadleaf",NA,"NEON.DOC.014040vD","7GSC2Ocp9nUdeLo1J+kj65CB+MYRHS9+bXf7zPsUlkw=","Kk15Cx6e6Rq5TM+49BKqxg==","","no entry",NA
"3a3267ac-66ba-4d06-b81f-d7207b00b6f1","GUAN_062.phenology.phe","D04","GUAN","GUAN_062",17.968477,-66.863548,NA,NA,124.7,NA,"primary",782.6,"Right",0.9,NA,NA,"WGS84",NA,NA,NA,"2017-08-09","2017-08-09","NEON.PLA.D04.GUAN.06146","PIAL3","Pisonia albida (Heimerl) Britton ex Standl.",NA,"species","Drought deciduous broadleaf",NA,"NEON.DOC.014040vD","7GSC2Ocp9nUdeLo1J+kj65CB+MYRHS9+bXf7zPsUlkw=","Kk15Cx6e6Rq5TM+49BKqxg==","","no entry",NA
"6cebc5db-4de5-48d6-b012-7c277b8fe932","GUAN_062.phenology.phe","D04","GUAN","GUAN_062",17.968477,-66.863548,NA,NA,124.7,NA,"primary",588.9,"Right",3.2,NA,NA,"WGS84",NA,NA,NA,"2017-08-09","2017-08-09","NEON.PLA.D04.GUAN.06121","PIAL3","Pisonia albida (Heimerl) Britton ex Standl.",NA,"species","Drought deciduous broadleaf",NA,"NEON.DOC.014040vD","7GSC2Ocp9nUdeLo1J+kj65CB+MYRHS9+bXf7zPsUlkw=","Kk15Cx6e6Rq5TM+49BKqxg==","","no entry",NA
"a1413e92-e2cb-489e-9f58-263675a6333f","GUAN_062.phenology.phe","D04","GUAN","GUAN_062",17.968477,-66.863548,NA,NA,124.7,NA,"primary",93.1,"Right",4.8,NA,NA,"WGS84",NA,NA,NA,"2017-08-09","2017-08-09","NEON.PLA.D04.GUAN.06154","BUSI","Bursera simaruba (L.) Sarg.",NA,"species","Drought deciduous broadleaf",NA,"NEON.DOC.014040vD","7GSC2Ocp9nUdeLo1J+kj65CB+MYRHS9+bXf7zPsUlkw=","Kk15Cx6e6Rq5TM+49BKqxg==","","no entry",NA
"ca071735-9dba-40e5-962f-a9a7d9b88589","GUAN_062.phenology.phe","D04","GUAN","GUAN_062",17.968477,-66.863548,NA,NA,124.7,NA,"primary",787.6,"Right",0.5,NA,NA,"WGS84",NA,NA,NA,"2017-08-09","2017-08-09","NEON.PLA.D04.GUAN.06147","PIAL3","Pisonia albida (Heimerl) Britton ex Standl.",NA,"species","Drought deciduous broadleaf",NA,"NEON.DOC.014040vD","7GSC2Ocp9nUdeLo1J+kj65CB+MYRHS9+bXf7zPsUlkw=","Kk15Cx6e6Rq5TM+49BKqxg==","","no entry",NA
"20edbfa3-73e4-42ed-b391-d98e48ba330b","GUAN_062.phenology.phe","D04","GUAN","GUAN_062",17.968477,-66.863548,NA,NA,124.7,NA,"primary",171,"Right",1.7,NA,NA,"WGS84",NA,NA,NA,"2017-08-09","2017-08-09","NEON.PLA.D04.GUAN.06159","BUSI","Bursera simaruba (L.) Sarg.",NA,"species","Drought deciduous broadleaf",NA,"NEON.DOC.014040vD","7GSC2Ocp9nUdeLo1J+kj65CB+MYRHS9+bXf7zPsUlkw=","Kk15Cx6e6Rq5TM+49BKqxg==","","no entry",NA
"9b54946f-39a0-4fc6-a8cd-482eddaca055","GUAN_062.phenology.phe","D04","GUAN","GUAN_062",17.968477,-66.863548,NA,NA,124.7,NA,"primary",183.3,"Right",1.3,NA,NA,"WGS84",NA,NA,NA,"2017-08-09","2017-08-09","NEON.PLA.D04.GUAN.06163","PIAL3","Pisonia albida (Heimerl) Britton ex Standl.",NA,"species","Drought deciduous broadleaf",NA,"NEON.DOC.014040vD","7GSC2Ocp9nUdeLo1J+kj65CB+MYRHS9+bXf7zPsUlkw=","Kk15Cx6e6Rq5TM+49BKqxg==","","no entry",NA
"916d54ad-c027-4d7d-a3d0-113ce0985c6d","GUAN_062.phenology.phe","D04","GUAN","GUAN_062",17.968477,-66.863548,NA,NA,124.7,NA,"primary",204.3,"Right",1.7,NA,NA,"WGS84",NA,NA,NA,"2017-08-09","2017-08-09","NEON.PLA.D04.GUAN.06167","GYLU","Gymnanthes lucida Sw.",NA,"species","Evergreen broadleaf",NA,"NEON.DOC.014040vD","7GSC2Ocp9nUdeLo1J+kj65CB+MYRHS9+bXf7zPsUlkw=","Kk15Cx6e6Rq5TM+49BKqxg==","","no entry",NA
"2e7889c4-ce68-418b-b7fe-5c1f2ef2b903","GUAN_062.phenology.phe","D04","GUAN","GUAN_062",17.968477,-66.863548,NA,NA,124.7,NA,"primary",130,"Right",2,NA,NA,"WGS84",NA,NA,NA,"2017-08-09","2017-08-09","NEON.PLA.D04.GUAN.06156","BUSI","Bursera simaruba (L.) Sarg.",NA,"species","Drought deciduous broadleaf",NA,"NEON.DOC.014040vD","7GSC2Ocp9nUdeLo1J+kj65CB+MYRHS9+bXf7zPsUlkw=","Kk15Cx6e6Rq5TM+49BKqxg==","","no entry",NA
"a10ca7c7-d0dc-464a-83b4-d76e52e281b3","GUAN_062.phenology.phe","D04","GUAN","GUAN_062",17.968477,-66.863548,NA,NA,124.7,NA,"primary",152.2,"Left",3.7,NA,NA,"WGS84",NA,NA,NA,"2017-08-09","2017-08-09","NEON.PLA.D04.GUAN.06157","BUSI","Bursera simaruba (L.) Sarg.",NA,"species","Drought deciduous broadleaf",NA,"NEON.DOC.014040vD","7GSC2Ocp9nUdeLo1J+kj65CB+MYRHS9+bXf7zPsUlkw=","Kk15Cx6e6Rq5TM+49BKqxg==","","no entry",NA
"1d26ca19-1889-49dd-b8bc-3907f1a2057e","GUAN_062.phenology.phe","D04","GUAN","GUAN_062",17.968477,-66.863548,NA,NA,124.7,NA,"primary",156,"Right",3.4,NA,NA,"WGS84",NA,NA,NA,"2017-08-09","2017-08-09","NEON.PLA.D04.GUAN.06158","BUSI","Bursera simaruba (L.) Sarg.",NA,"species","Drought deciduous broadleaf",NA,"NEON.DOC.014040vD","7GSC2Ocp9nUdeLo1J+kj65CB+MYRHS9+bXf7zPsUlkw=","Kk15Cx6e6Rq5TM+49BKqxg==","","no entry",NA
"19f0b85a-0f0e-420b-bc7a-fd922be3148e","GUAN_062.phenology.phe","D04","GUAN","GUAN_062",17.968477,-66.863548,NA,NA,124.7,NA,"primary",191,"Right",0.5,NA,NA,"WGS84",NA,NA,NA,"2017-08-09","2017-08-09","NEON.PLA.D04.GUAN.06165","GYLU","Gymnanthes lucida Sw.",NA,"species","Evergreen broadleaf",NA,"NEON.DOC.014040vD","7GSC2Ocp9nUdeLo1J+kj65CB+MYRHS9+bXf7zPsUlkw=","Kk15Cx6e6Rq5TM+49BKqxg==","","no entry",NA
"18cf409e-14d0-4686-a224-fbeaaa014919","GUAN_062.phenology.phe","D04","GUAN","GUAN_062",17.968477,-66.863548,NA,NA,124.7,NA,"primary",174,"Left",0.5,NA,NA,"WGS84",NA,NA,NA,"2017-08-09","2017-08-09","NEON.PLA.D04.GUAN.06160","GYLU","Gymnanthes lucida Sw.",NA,"species","Evergreen broadleaf",NA,"NEON.DOC.014040vD","7GSC2Ocp9nUdeLo1J+kj65CB+MYRHS9+bXf7zPsUlkw=","Kk15Cx6e6Rq5TM+49BKqxg==","","no entry",NA
"5be39ecd-6794-4ad6-8152-2379da63673d","GUAN_062.phenology.phe","D04","GUAN","GUAN_062",17.968477,-66.863548,NA,NA,124.7,NA,"primary",45.3,"Right",0.9,NA,NA,"WGS84",NA,NA,NA,"2017-08-09","2017-08-09","NEON.PLA.D04.GUAN.06153","PIAL3","Pisonia albida (Heimerl) Britton ex Standl.",NA,"species","Drought deciduous broadleaf",NA,"NEON.DOC.014040vD","7GSC2Ocp9nUdeLo1J+kj65CB+MYRHS9+bXf7zPsUlkw=","Kk15Cx6e6Rq5TM+49BKqxg==","","no entry",NA
"51375a47-b65f-40e2-888b-7f87e21f371b","GUAN_062.phenology.phe","D04","GUAN","GUAN_062",17.968477,-66.863548,NA,NA,124.7,NA,"primary",4.9,"Right",1.8,NA,NA,"WGS84",NA,NA,NA,"2017-08-09","2017-08-09","NEON.PLA.D04.GUAN.06149","BUSI","Bursera simaruba (L.) Sarg.",NA,"species","Drought deciduous broadleaf",NA,"NEON.DOC.014040vD","7GSC2Ocp9nUdeLo1J+kj65CB+MYRHS9+bXf7zPsUlkw=","Kk15Cx6e6Rq5TM+49BKqxg==","","no entry",NA
"cc2ff894-22ab-4fa0-8414-41a806d16bac","GUAN_062.phenology.phe","D04","GUAN","GUAN_062",17.968477,-66.863548,NA,NA,124.7,NA,"primary",792.9,"Right",1.2,NA,NA,"WGS84",NA,NA,NA,"2017-08-09","2017-08-09","NEON.PLA.D04.GUAN.06148","GYLU","Gymnanthes lucida Sw.",NA,"species","Evergreen broadleaf",NA,"NEON.DOC.014040vD","7GSC2Ocp9nUdeLo1J+kj65CB+MYRHS9+bXf7zPsUlkw=","Kk15Cx6e6Rq5TM+49BKqxg==","","no entry",NA
"8dc3226b-b6f3-48c9-b61f-1a8e127d043a","GUAN_062.phenology.phe","D04","GUAN","GUAN_062",17.968477,-66.863548,NA,NA,124.7,NA,"primary",9.6,"Left",1,NA,NA,"WGS84",NA,NA,NA,"2017-08-09","2017-08-09","NEON.PLA.D04.GUAN.06150","BUSI","Bursera simaruba (L.) Sarg.",NA,"species","Drought deciduous broadleaf",NA,"NEON.DOC.014040vD","7GSC2Ocp9nUdeLo1J+kj65CB+MYRHS9+bXf7zPsUlkw=","Kk15Cx6e6Rq5TM+49BKqxg==","","no entry",NA
"eea61647-437b-45d0-924b-95edad5cb0a0","GUAN_062.phenology.phe","D04","GUAN","GUAN_062",17.968477,-66.863548,NA,NA,124.7,NA,"primary",36.5,"Left",3,NA,NA,"WGS84",NA,NA,NA,"2017-08-09","2017-08-09","NEON.PLA.D04.GUAN.06152","BUSI","Bursera simaruba (L.) Sarg.",NA,"species","Drought deciduous broadleaf",NA,"NEON.DOC.014040vD","7GSC2Ocp9nUdeLo1J+kj65CB+MYRHS9+bXf7zPsUlkw=","Kk15Cx6e6Rq5TM+49BKqxg==","","no entry",NA
"53d8b45a-b3e5-43ae-92de-86f8c1f6dbf7","GUAN_062.phenology.phe","D04","GUAN","GUAN_062",17.968477,-66.863548,NA,NA,124.7,NA,"primary",119.8,"Left",0.6,NA,NA,"WGS84",NA,NA,NA,"2017-08-09","2017-08-09","NEON.PLA.D04.GUAN.06155","PIAL3","Pisonia albida (Heimerl) Britton ex Standl.",NA,"species","Drought deciduous broadleaf",NA,"NEON.DOC.014040vD","7GSC2Ocp9nUdeLo1J+kj65CB+MYRHS9+bXf7zPsUlkw=","Kk15Cx6e6Rq5TM+49BKqxg==","","no entry",NA
"72ed6225-22b2-4780-8281-b10ab8ec5e58","GUAN_062.phenology.phe","D04","GUAN","GUAN_062",17.968477,-66.863548,NA,NA,124.7,NA,"primary",180.2,"Right",1.5,NA,NA,"WGS84",NA,NA,NA,"2017-08-09","2017-08-09","NEON.PLA.D04.GUAN.06162","GYLU","Gymnanthes lucida Sw.",NA,"species","Evergreen broadleaf",NA,"NEON.DOC.014040vD","7GSC2Ocp9nUdeLo1J+kj65CB+MYRHS9+bXf7zPsUlkw=","Kk15Cx6e6Rq5TM+49BKqxg==","","no entry",NA
"46af4750-34f9-4110-b99b-4b3d138117b5","GUAN_062.phenology.phe","D04","GUAN","GUAN_062",17.968477,-66.863548,NA,NA,124.7,NA,"primary",21.4,"Left",2,NA,NA,"WGS84",NA,NA,NA,"2017-08-09","2017-08-09","NEON.PLA.D04.GUAN.06151","BUSI","Bursera simaruba (L.) Sarg.",NA,"species","Drought deciduous broadleaf",NA,"NEON.DOC.014040vD","7GSC2Ocp9nUdeLo1J+kj65CB+MYRHS9+bXf7zPsUlkw=","Kk15Cx6e6Rq5TM+49BKqxg==","","no entry",NA
"4e591bcf-9346-4400-915d-553e4ed1cc36","GUAN_062.phenology.phe","D04","GUAN","GUAN_062",17.968477,-66.863548,NA,NA,124.7,NA,"primary",177.6,"Left",1.1,NA,NA,"WGS84",NA,NA,NA,"2017-08-09","2017-08-09","NEON.PLA.D04.GUAN.06161","GYLU","Gymnanthes lucida Sw.",NA,"species","Evergreen broadleaf",NA,"NEON.DOC.014040vD","7GSC2Ocp9nUdeLo1J+kj65CB+MYRHS9+bXf7zPsUlkw=","Kk15Cx6e6Rq5TM+49BKqxg==","","no entry",NA
"9d363fd7-40cd-43d2-81d8-0d87577eaa57","GUAN_062.phenology.phe","D04","GUAN","GUAN_062",17.968477,-66.863548,NA,NA,124.7,NA,"primary",202,"Right",1.4,NA,NA,"WGS84",NA,NA,NA,"2017-08-09","2017-08-09","NEON.PLA.D04.GUAN.06166","GYLU","Gymnanthes lucida Sw.",NA,"species","Evergreen broadleaf",NA,"NEON.DOC.014040vD","7GSC2Ocp9nUdeLo1J+kj65CB+MYRHS9+bXf7zPsUlkw=","Kk15Cx6e6Rq5TM+49BKqxg==","","no entry",NA
"f076c481-06aa-43a2-9620-2f875104bc4d","GUAN_062.phenology.phe","D04","GUAN","GUAN_062",17.968477,-66.863548,NA,NA,124.7,NA,"primary",187,"Right",0.5,NA,NA,"WGS84",NA,NA,NA,"2017-08-09","2017-08-09","NEON.PLA.D04.GUAN.06164","GYLU","Gymnanthes lucida Sw.",NA,"species","Evergreen broadleaf",NA,"NEON.DOC.014040vD","7GSC2Ocp9nUdeLo1J+kj65CB+MYRHS9+bXf7zPsUlkw=","Kk15Cx6e6Rq5TM+49BKqxg==","","no entry",NA
"7cb8eb5d-6c7a-4ce9-8363-6e2699c2e956","GUAN_062.phenology.phe","D04","GUAN","GUAN_062",17.968477,-66.863548,NA,NA,124.7,NA,"primary",256.3,"Right",0.5,NA,NA,"WGS84",NA,NA,NA,"2017-08-10","2017-08-10","NEON.PLA.D04.GUAN.06170","PIAL3","Pisonia albida (Heimerl) Britton ex Standl.",NA,"species","Drought deciduous broadleaf",NA,"NEON.DOC.014040vD","7GSC2Ocp9nUdeLo1J+kj65CB+MYRHS9+bXf7zPsUlkw=","Kk15Cx6e6Rq5TM+49BKqxg==","","no entry",NA
"59592f97-a3bc-45f2-b7e9-293433502174","GUAN_062.phenology.phe","D04","GUAN","GUAN_062",17.968477,-66.863548,NA,NA,124.7,NA,"primary",278.7,"Right",1.7,NA,NA,"WGS84",NA,NA,NA,"2017-08-10","2017-08-10","NEON.PLA.D04.GUAN.06174","GYLU","Gymnanthes lucida Sw.",NA,"species","Evergreen broadleaf",NA,"NEON.DOC.014040vD","7GSC2Ocp9nUdeLo1J+kj65CB+MYRHS9+bXf7zPsUlkw=","Kk15Cx6e6Rq5TM+49BKqxg==","","no entry",NA
"8df3b58f-0366-4e04-9e92-d830a882c6e3","GUAN_062.phenology.phe","D04","GUAN","GUAN_062",17.968477,-66.863548,NA,NA,124.7,NA,"primary",288.3,"Right",1.7,NA,NA,"WGS84",NA,NA,NA,"2017-08-10","2017-08-10","NEON.PLA.D04.GUAN.06175","PIAL3","Pisonia albida (Heimerl) Britton ex Standl.",NA,"species","Drought deciduous broadleaf",NA,"NEON.DOC.014040vD","7GSC2Ocp9nUdeLo1J+kj65CB+MYRHS9+bXf7zPsUlkw=","Kk15Cx6e6Rq5TM+49BKqxg==","","no entry",NA
"8679ab27-3775-4fa7-aad5-e37362e078e4","GUAN_062.phenology.phe","D04","GUAN","GUAN_062",17.968477,-66.863548,NA,NA,124.7,NA,"primary",310.6,"Left",7.7,NA,NA,"WGS84",NA,NA,NA,"2017-08-10","2017-08-10","NEON.PLA.D04.GUAN.06178","PIAL3","Pisonia albida (Heimerl) Britton ex Standl.",NA,"species","Drought deciduous broadleaf",NA,"NEON.DOC.014040vD","7GSC2Ocp9nUdeLo1J+kj65CB+MYRHS9+bXf7zPsUlkw=","Kk15Cx6e6Rq5TM+49BKqxg==","","no entry",NA
"ab165a33-288e-4497-beac-8535ff2e3914","GUAN_062.phenology.phe","D04","GUAN","GUAN_062",17.968477,-66.863548,NA,NA,124.7,NA,"primary",298,"Right",0.5,NA,NA,"WGS84",NA,NA,NA,"2017-08-10","2017-08-10","NEON.PLA.D04.GUAN.06176","PIAL3","Pisonia albida (Heimerl) Britton ex Standl.",NA,"species","Drought deciduous broadleaf",NA,"NEON.DOC.014040vD","7GSC2Ocp9nUdeLo1J+kj65CB+MYRHS9+bXf7zPsUlkw=","Kk15Cx6e6Rq5TM+49BKqxg==","","no entry",NA
"0c070364-a93f-442d-9d2e-0b45cbaf37b9","GUAN_062.phenology.phe","D04","GUAN","GUAN_062",17.968477,-66.863548,NA,NA,124.7,NA,"primary",276.8,"Right",0.8,NA,NA,"WGS84",NA,NA,NA,"2017-08-10","2017-08-10","NEON.PLA.D04.GUAN.06173","PIAL3","Pisonia albida (Heimerl) Britton ex Standl.",NA,"species","Drought deciduous broadleaf",NA,"NEON.DOC.014040vD","7GSC2Ocp9nUdeLo1J+kj65CB+MYRHS9+bXf7zPsUlkw=","Kk15Cx6e6Rq5TM+49BKqxg==","","no entry",NA
"2ecf358f-087b-4c7a-b0cf-27e9c887770e","GUAN_062.phenology.phe","D04","GUAN","GUAN_062",17.968477,-66.863548,NA,NA,124.7,NA,"primary",267,"Right",1.9,NA,NA,"WGS84",NA,NA,NA,"2017-08-10","2017-08-10","NEON.PLA.D04.GUAN.06171","GYLU","Gymnanthes lucida Sw.",NA,"species","Evergreen broadleaf",NA,"NEON.DOC.014040vD","7GSC2Ocp9nUdeLo1J+kj65CB+MYRHS9+bXf7zPsUlkw=","Kk15Cx6e6Rq5TM+49BKqxg==","","no entry",NA
"419b24db-64c3-42f7-b11b-f05a3d03c9aa","GUAN_062.phenology.phe","D04","GUAN","GUAN_062",17.968477,-66.863548,NA,NA,124.7,NA,"primary",248.3,"Left",3.1,NA,NA,"WGS84",NA,NA,NA,"2017-08-10","2017-08-10","NEON.PLA.D04.GUAN.06169","PIAL3","Pisonia albida (Heimerl) Britton ex Standl.",NA,"species","Drought deciduous broadleaf",NA,"NEON.DOC.014040vD","7GSC2Ocp9nUdeLo1J+kj65CB+MYRHS9+bXf7zPsUlkw=","Kk15Cx6e6Rq5TM+49BKqxg==","","no entry",NA
"ab28b127-7ade-4735-9f40-b30dfd9773a4","GUAN_062.phenology.phe","D04","GUAN","GUAN_062",17.968477,-66.863548,NA,NA,124.7,NA,"primary",314,"Left",4.4,NA,NA,"WGS84",NA,NA,NA,"2017-08-10","2017-08-10","NEON.PLA.D04.GUAN.06179","PIAL3","Pisonia albida (Heimerl) Britton ex Standl.",NA,"species","Drought deciduous broadleaf",NA,"NEON.DOC.014040vD","7GSC2Ocp9nUdeLo1J+kj65CB+MYRHS9+bXf7zPsUlkw=","Kk15Cx6e6Rq5TM+49BKqxg==","","no entry",NA
"e68abb12-b14e-43b8-a217-f48616cad8cd","GUAN_062.phenology.phe","D04","GUAN","GUAN_062",17.968477,-66.863548,NA,NA,124.7,NA,"primary",267.8,"Left",4.7,NA,NA,"WGS84",NA,NA,NA,"2017-08-10","2017-08-10","NEON.PLA.D04.GUAN.06172","BUSI","Bursera simaruba (L.) Sarg.",NA,"species","Drought deciduous broadleaf",NA,"NEON.DOC.014040vD","7GSC2Ocp9nUdeLo1J+kj65CB+MYRHS9+bXf7zPsUlkw=","Kk15Cx6e6Rq5TM+49BKqxg==","","no entry",NA
"7433388a-7883-4ba7-b10a-4bb78e6f12d0","GUAN_062.phenology.phe","D04","GUAN","GUAN_062",17.968477,-66.863548,NA,NA,124.7,NA,"primary",299.9,"Right",0.7,NA,NA,"WGS84",NA,NA,NA,"2017-08-10","2017-08-10","NEON.PLA.D04.GUAN.06177","GYLU","Gymnanthes lucida Sw.",NA,"species","Evergreen broadleaf",NA,"NEON.DOC.014040vD","7GSC2Ocp9nUdeLo1J+kj65CB+MYRHS9+bXf7zPsUlkw=","Kk15Cx6e6Rq5TM+49BKqxg==","","no entry",NA
"9552aff8-e3cf-4e64-b695-84e5c0ff5b65","GUAN_062.phenology.phe","D04","GUAN","GUAN_062",17.968477,-66.863548,NA,NA,124.7,NA,"primary",219.7,"Left",2.3,NA,NA,"WGS84",NA,NA,NA,"2017-08-10","2017-08-10","NEON.PLA.D04.GUAN.06168","PIAL3","Pisonia albida (Heimerl) Britton ex Standl.",NA,"species","Drought deciduous broadleaf",NA,"NEON.DOC.014040vD","7GSC2Ocp9nUdeLo1J+kj65CB+MYRHS9+bXf7zPsUlkw=","Kk15Cx6e6Rq5TM+49BKqxg==","","no entry",NA
